--
-- PostgreSQL database dump
--

-- Dumped from database version 16.0 (Debian 16.0-1.pgdg120+1)
-- Dumped by pg_dump version 16.2 (Ubuntu 16.2-1.pgdg22.04+1)

SET statement_timeout = 0;
SET lock_timeout = 0;
SET idle_in_transaction_session_timeout = 0;
SET client_encoding = 'UTF8';
SET standard_conforming_strings = on;
SELECT pg_catalog.set_config('search_path', '', false);
SET check_function_bodies = false;
SET xmloption = content;
SET client_min_messages = warning;
SET row_security = off;

SET default_tablespace = '';

SET default_table_access_method = heap;

--
-- Name: Bots; Type: TABLE; Schema: public; Owner: postgres
--

CREATE TABLE public."Bots" (
    "botId" integer NOT NULL,
    "userId" integer,
    "matchingPairId" character varying(255),
    "futuresSize" double precision,
    "spotSize" double precision,
    "unrealisedPnl" double precision DEFAULT '0'::double precision,
    "realisedPnl" double precision DEFAULT '0'::double precision,
    status character varying(255),
    "spotEntryPrice" double precision,
    "futuresEntryPrice" double precision,
    "openingDifference" double precision,
    "currentDifference" double precision,
    "currentSpotPrice" double precision,
    "currentFuturesPrice" double precision,
    "exitPrice" double precision,
    "timestamp" timestamp with time zone,
    leverage double precision,
    "tradeType" character varying(255),
    "orderId" character varying(255),
    "currentPrice" double precision,
    "pnlPercent" double precision DEFAULT '0'::double precision,
    "cumulativePNL" double precision DEFAULT '0'::double precision,
    "isLiq" boolean,
    "isClose" boolean,
    settle character varying(255) DEFAULT 'usdt'::character varying,
    "takerFee" character varying(255),
    "spotValue" double precision,
    "futuresValue" double precision,
    "amountIncurred" double precision,
    "quantoMultiplier" double precision,
    "positionId" character varying(255),
    "profitThreshold" double precision DEFAULT '1'::double precision,
    "fundingRate" double precision,
    "accumulatedFunding" double precision DEFAULT '0'::double precision,
    adl double precision,
    "createdAt" timestamp with time zone NOT NULL,
    "updatedAt" timestamp with time zone NOT NULL,
    "highestProfit" double precision DEFAULT '0'::double precision
);


ALTER TABLE public."Bots" OWNER TO postgres;

--
-- Name: Bots_botId_seq; Type: SEQUENCE; Schema: public; Owner: postgres
--

CREATE SEQUENCE public."Bots_botId_seq"
    AS integer
    START WITH 1
    INCREMENT BY 1
    NO MINVALUE
    NO MAXVALUE
    CACHE 1;


ALTER SEQUENCE public."Bots_botId_seq" OWNER TO postgres;

--
-- Name: Bots_botId_seq; Type: SEQUENCE OWNED BY; Schema: public; Owner: postgres
--

ALTER SEQUENCE public."Bots_botId_seq" OWNED BY public."Bots"."botId";


--
-- Name: MatchingPairs; Type: TABLE; Schema: public; Owner: postgres
--

CREATE TABLE public."MatchingPairs" (
    id character varying(255) NOT NULL,
    "fundingRate" double precision,
    name character varying(255),
    "precision" integer,
    "amountPrecision" integer,
    spotfee character varying(255),
    "createdAt" timestamp with time zone NOT NULL,
    "updatedAt" timestamp with time zone NOT NULL
);


ALTER TABLE public."MatchingPairs" OWNER TO postgres;

--
-- Name: Scans; Type: TABLE; Schema: public; Owner: postgres
--

CREATE TABLE public."Scans" (
    "matchingPairId" character varying(255) NOT NULL,
    "spotPrice" double precision,
    "futuresPrice" double precision,
    "valueDifference" double precision,
    "percentageDifference" double precision,
    "fundingRate" double precision,
    "quantoMultiplier" character varying(255),
    "leverageMin" character varying(255),
    "leverageMax" character varying(255),
    "maintenanceRate" character varying(255),
    "makerFeeRate" character varying(255),
    "takerFeeRate" character varying(255),
    "fundingNextApply" integer,
    base character varying(255),
    "minBaseAmount" character varying(255),
    "minQuoteAmount" character varying(255),
    "createdAt" timestamp with time zone NOT NULL,
    "updatedAt" timestamp with time zone NOT NULL
);


ALTER TABLE public."Scans" OWNER TO postgres;

--
-- Name: UserPDFs; Type: TABLE; Schema: public; Owner: postgres
--

CREATE TABLE public."UserPDFs" (
    id integer NOT NULL,
    user_id integer,
    pdf_path character varying(255),
    "prev_X_coordinate" double precision,
    "prev_Y_coordinate" double precision,
    pages integer,
    count integer,
    "createdAt" timestamp with time zone NOT NULL,
    "updatedAt" timestamp with time zone NOT NULL
);


ALTER TABLE public."UserPDFs" OWNER TO postgres;

--
-- Name: UserPDFs_id_seq; Type: SEQUENCE; Schema: public; Owner: postgres
--

CREATE SEQUENCE public."UserPDFs_id_seq"
    AS integer
    START WITH 1
    INCREMENT BY 1
    NO MINVALUE
    NO MAXVALUE
    CACHE 1;


ALTER SEQUENCE public."UserPDFs_id_seq" OWNER TO postgres;

--
-- Name: UserPDFs_id_seq; Type: SEQUENCE OWNED BY; Schema: public; Owner: postgres
--

ALTER SEQUENCE public."UserPDFs_id_seq" OWNED BY public."UserPDFs".id;


--
-- Name: users; Type: TABLE; Schema: public; Owner: postgres
--

CREATE TABLE public.users (
    username character varying(255),
    password character varying(255),
    email character varying(255),
    account_no character varying(255),
    api_key character varying(5000),
    api_secret character varying(255),
    wallet integer,
    investment integer,
    begin_date date,
    "Net_client_share_in_percent" integer,
    usertype integer,
    "Admin_id" character varying(255),
    fee numeric(10,2),
    profit_now numeric(10,2),
    user_roles character varying(255),
    "createdAt" timestamp with time zone NOT NULL,
    "updatedAt" timestamp with time zone NOT NULL,
    id integer NOT NULL,
    "userId" integer
);


ALTER TABLE public.users OWNER TO postgres;

--
-- Name: users_id_seq; Type: SEQUENCE; Schema: public; Owner: postgres
--

CREATE SEQUENCE public.users_id_seq
    AS integer
    START WITH 1
    INCREMENT BY 1
    NO MINVALUE
    NO MAXVALUE
    CACHE 1;


ALTER SEQUENCE public.users_id_seq OWNER TO postgres;

--
-- Name: users_id_seq; Type: SEQUENCE OWNED BY; Schema: public; Owner: postgres
--

ALTER SEQUENCE public.users_id_seq OWNED BY public.users.id;


--
-- Name: Bots botId; Type: DEFAULT; Schema: public; Owner: postgres
--

ALTER TABLE ONLY public."Bots" ALTER COLUMN "botId" SET DEFAULT nextval('public."Bots_botId_seq"'::regclass);


--
-- Name: UserPDFs id; Type: DEFAULT; Schema: public; Owner: postgres
--

ALTER TABLE ONLY public."UserPDFs" ALTER COLUMN id SET DEFAULT nextval('public."UserPDFs_id_seq"'::regclass);


--
-- Name: users id; Type: DEFAULT; Schema: public; Owner: postgres
--

ALTER TABLE ONLY public.users ALTER COLUMN id SET DEFAULT nextval('public.users_id_seq'::regclass);


--
-- Data for Name: Bots; Type: TABLE DATA; Schema: public; Owner: postgres
--

COPY public."Bots" ("botId", "userId", "matchingPairId", "futuresSize", "spotSize", "unrealisedPnl", "realisedPnl", status, "spotEntryPrice", "futuresEntryPrice", "openingDifference", "currentDifference", "currentSpotPrice", "currentFuturesPrice", "exitPrice", "timestamp", leverage, "tradeType", "orderId", "currentPrice", "pnlPercent", "cumulativePNL", "isLiq", "isClose", settle, "takerFee", "spotValue", "futuresValue", "amountIncurred", "quantoMultiplier", "positionId", "profitThreshold", "fundingRate", "accumulatedFunding", adl, "createdAt", "updatedAt", "highestProfit") FROM stdin;
81	1	POGAI_USDT	60000	60000	-0.051496499999998946	0	Bot closed by user	7.77e-05	7.835e-05	0.836550836550822	1.8821391484942995	7.704e-05	7.849e-05	\N	2024-04-27 06:55:38.602+00	1	short	460704348485	7.835e-05	-0.5496567507186204	0	\N	t	usdt	0.0023504999999999997	4.6654965	4.7033505	9.368846999999999	10000	2f4b85eb-ff55-4e81-bd05-6d662f41fe79	1	0.2495	0	5	2024-04-27 06:55:38.603+00	2024-04-27 07:08:19.424+00	0
82	1	POGAI_USDT	\N	60000	0	0	Bot closed by user	7.77e-05	7.835e-05	0.836550836550822	\N	\N	\N	\N	2024-04-27 06:55:38.748+00	1	buy	570621635888	7.77e-05	0	0	\N	t	usdt	0.0009	4.6654965	4.7033505	9.368846999999999	10000	2f4b85eb-ff55-4e81-bd05-6d662f41fe79	1	0.2495	0	\N	2024-04-27 06:55:38.749+00	2024-04-27 07:08:19.424+00	0
75	3	MPC_USDT	13	13	0.07118572499999942	0	Profit threshold of 1 reached	0.2989	0.3066	2.576112412177981	0.6779661016949159	0.295	0.297	\N	2024-04-25 16:57:37.908+00	1	short	459822090807	0.3066	0.9037842180879816	0	\N	t	usdt	0.0019929	3.888614275	3.9877928999999996	7.876407175	1	e6efd7b8-4a88-43ba-a0f4-9a3ff78ae527	5	0.8282	0	5	2024-04-25 16:57:37.909+00	2024-04-27 05:49:54.634+00	0
76	3	MPC_USDT	\N	13	0	0	Profit threshold of 1 reached	0.2989	0.3066	2.576112412177981	\N	\N	\N	\N	2024-04-25 16:57:38.063+00	1	buy	569327616646	0.2989	0	0	\N	t	usdt	0.0009	3.888614275	3.9877928999999996	7.876407175	1	e6efd7b8-4a88-43ba-a0f4-9a3ff78ae527	5	0.8282	0	\N	2024-04-25 16:57:38.064+00	2024-04-27 05:49:54.634+00	0
60	3	MPC_USDT	\N	18	0	0	Bot closed by user	0.2641	0.2683	1.5903067020068087	\N	\N	\N	\N	2024-04-25 04:55:26.626+00	1	buy	568868373250	0.2641	0	0	\N	t	usdt	0.0009	4.75736535	4.8318147	9.58918005	1	ab13f5de-f48a-4a1e-880f-0b445ec6177a	5	0.1226	0	\N	2024-04-25 04:55:26.627+00	2024-04-27 05:49:54.634+00	0
59	3	MPC_USDT	18	18	0.04195845482220051	0	Bot closed by user	0.2641	0.2683	1.5903067020068087	0.6724949562878285	0.2974	0.2994	\N	2024-04-25 04:55:26.445+00	1	short	459475483385	0.2683	0.4375604024892672	0	\N	t	usdt	0.0024147	4.75736535	4.8318147	9.58918005	1	ab13f5de-f48a-4a1e-880f-0b445ec6177a	5	0.1226	0.0059238048221999995	5	2024-04-25 04:55:26.445+00	2024-04-27 05:49:54.634+00	0
70	3	POGAI_USDT	\N	70000	0	0	Bot closed by user	7.63e-05	7.721e-05	1.1926605504587198	\N	\N	\N	\N	2024-04-25 12:17:24.039+00	1	buy	569132442732	7.63e-05	0	0	\N	t	usdt	0.0009	5.34500575	5.40740235	10.7524081	10000	29bb5aa5-b7c7-45c2-bb8e-078ee0d1cc03	5	0.1551	0	\N	2024-04-25 12:17:24.04+00	2024-04-28 08:40:35.879+00	0
69	3	POGAI_USDT	70000	70000	0.1396992594420503	0	Bot closed by user	7.63e-05	7.721e-05	1.1926605504587198	0.5119880119880007	8.008e-05	8.049e-05	\N	2024-04-25 12:17:23.886+00	1	short	459658419626	7.721e-05	1.2992369536462283	0	\N	t	usdt	0.00270235	5.34500575	5.40740235	10.7524081	10000	29bb5aa5-b7c7-45c2-bb8e-078ee0d1cc03	5	0.1551	0.10870500944205	5	2024-04-25 12:17:23.887+00	2024-04-28 08:40:35.879+00	0
84	1	POGAI_USDT	\N	50000	0	0	Bot closed by user	7.806e-05	7.873e-05	0.8583141173456386	\N	\N	\N	\N	2024-04-27 07:26:21.15+00	1	buy	570637082073	7.806e-05	0	0	\N	t	usdt	0.0009	3.9059272499999995	3.93846825	7.844395499999999	10000	23bbe941-63b7-481b-86e5-07a2f963ff14	1	0.2492	0	\N	2024-04-27 07:26:21.15+00	2024-04-27 08:27:15.997+00	0
83	1	POGAI_USDT	50000	50000	0.010647351783500625	0	Bot closed by user	7.806e-05	7.873e-05	0.8583141173456386	0.7832898172323773	7.66e-05	7.72e-05	\N	2024-04-27 07:26:21.004+00	1	short	460713353157	7.873e-05	0.13573196027024167	0	\N	t	usdt	0.00196825	3.9059272499999995	3.93846825	7.844395499999999	10000	23bbe941-63b7-481b-86e5-07a2f963ff14	1	0.2492	0.010074601783500002	5	2024-04-27 07:26:21.004+00	2024-04-27 08:27:15.997+00	0
51	3	POGAI_USDT	40000	40000	0.09223957313940012	0	Bot closed by user	7.96e-05	8.043e-05	1.042713567839201	0.5119880119880007	8.008e-05	8.049e-05	\N	2024-04-24 19:00:14.737+00	1	short	459219486217	8.043e-05	1.4400740351888672	0	\N	t	usdt	0.0016086	3.1863879999999996	3.2188086	6.4051966	10000	706d8f60-2c82-4e1c-b4ea-f8d8a25015cb	5	0.2875	0.0778275731394	5	2024-04-24 19:00:14.737+00	2024-04-28 08:40:48.701+00	0
98	3	MUBI_USDT	\N	30	0	0	Spot Position Opened	0.130727	0.13139	0.5071637840690881	\N	\N	\N	\N	2024-04-28 17:41:47.72+00	1	buy	571714657432	0.130727	0	0	\N	t	usdt	0.0009	3.9247513575000004	3.94367085	7.8684222075	10	7158dbc5-2e2a-4623-b497-2501865ca829	0.5	0.0669	0	\N	2024-04-28 17:41:47.72+00	2024-04-28 17:41:47.72+00	0
6	3	POGAI_USDT	\N	40000	0	0	Bot closed by user	8.601e-05	8.721e-05	1.3951866062085827	\N	\N	\N	\N	2024-04-24 03:20:24.447+00	1	buy	567889001656	8.601e-05	0	0	\N	t	usdt	0.0009	3.4429803	3.4901442	6.9331245	10000	fdc8f8ac-9fb5-4276-9fed-7a6b910efa28	5	0.8807	0	\N	2024-04-24 03:20:24.448+00	2024-04-27 05:49:54.634+00	0
78	3	MPC_USDT	\N	13	0	0	Profit threshold of 1 reached	0.2947	0.2957	0.3393281303020023	\N	\N	\N	\N	2024-04-26 08:12:26.747+00	1	buy	569849237298	0.2947	0	0	\N	t	usdt	0.0009	3.833973325	3.84602205	7.679995375000001	1	ebb7da24-6675-4c59-a19f-761092ffa1a2	5	0.3636	0	\N	2024-04-26 08:12:26.748+00	2024-04-27 05:49:54.634+00	0
25	3	POGAI_USDT	60000	60000	-0.007045604415298001	0	Bot closed by user	7.997e-05	8.137e-05	1.7506564961860784	1.8614010816249436	7.951e-05	8.099e-05	\N	2024-04-24 15:18:25.209+00	1	short	459096718789	8.137e-05	-0.07273678045948721	0	\N	t	usdt	0.0024411000000000003	4.801798649999999	4.8846411000000005	9.68643975	10000	3e83c4b6-22e0-4853-a73f-3faada554b70	5	0.0205	0.0013530455847	5	2024-04-24 15:18:25.209+00	2024-04-27 05:49:54.634+00	0
77	3	MPC_USDT	13	13	0.05455020551349943	0	Profit threshold of 1 reached	0.2947	0.2957	0.3393281303020023	-0.8824567596187796	0.2833	0.2808	\N	2024-04-26 08:12:26.603+00	1	short	460183546900	0.2957	0.7102895620363499	0	\N	t	usdt	0.00192205	3.833973325	3.84602205	7.679995375000001	1	ebb7da24-6675-4c59-a19f-761092ffa1a2	5	0.3636	0.0133456965135	5	2024-04-26 08:12:26.604+00	2024-04-27 05:49:54.634+00	0
97	3	MUBI_USDT	30	30	0.00654785626500054	0	Futures Position Opened	0.130727	0.13139	0.5071637840690881	0.3305463737118378	0.108003	0.10836	\N	2024-04-28 17:41:47.571+00	1	short	461402433607	0.13139	0.08321689015059809	0	\N	f	usdt	0.00197085	3.9247513575000004	3.94367085	7.8684222075	10	7158dbc5-2e2a-4623-b497-2501865ca829	0.5	0.0669	0.0035493037650000006	5	2024-04-28 17:41:47.572+00	2024-05-01 05:59:01.874+00	0.3290093531753409
50	3	POGAI_USDT	\N	120000	0	0	Bot closed by user	7.976e-05	8.057e-05	1.0155466399197601	\N	\N	\N	\N	2024-04-24 18:37:14.162+00	1	buy	568480571489	7.976e-05	0	0	\N	t	usdt	0.0009	9.555561299999999	9.6732342	19.228795499999997	10000	2eec931c-7bbb-46a3-af49-4de757ae851c	5	0.3216	0	\N	2024-04-24 18:37:14.163+00	2024-04-27 05:49:54.634+00	0
39	3	POGAI_USDT	40000	40000	-0.01041380000000025	0	No spot found, closed futures	8.044e-05	8.193e-05	1.8523122824465454	2.084113315861728	8.013e-05	8.18e-05	\N	2024-04-24 17:46:01.666+00	1	short	459186569455	8.193e-05	-0.16022087581176264	0	\N	t	usdt	0.0016385999999999998	3.2208137999999997	3.2788386	6.4996523999999996	10000	e6b1539d-86e9-438a-8b14-785161f5ed55	5	0.4111	0	5	2024-04-24 17:46:01.666+00	2024-04-27 05:49:54.634+00	0
40	3	POGAI_USDT	\N	40000	0	0	No spot found, closed futures	8.044e-05	8.193e-05	1.8523122824465454	\N	\N	\N	\N	2024-04-24 17:46:02.041+00	1	buy	568448725169	8.044e-05	0	0	\N	t	usdt	0.0009	3.2208137999999997	3.2788386	6.4996523999999996	10000	e6b1539d-86e9-438a-8b14-785161f5ed55	5	0.4111	0	\N	2024-04-24 17:46:02.041+00	2024-04-27 05:49:54.634+00	0
71	3	POGAI_USDT	60000	60000	0.1323516723789009	0	Bot closed by user	7.609e-05	7.721e-05	1.4719411223551095	0.5119880119880007	8.008e-05	8.049e-05	\N	2024-04-25 14:14:37.854+00	1	short	459730237899	7.721e-05	1.438020493254146	0	\N	t	usdt	0.0023163	4.568824049999999	4.6349163	9.20374035	10000	d2b8e14e-5bf8-4cdd-8861-13bf24242b31	5	0.1125	0.09317572237890001	5	2024-04-25 14:14:37.854+00	2024-04-28 08:40:43.377+00	0
8	3	POGAI_USDT	\N	40000	0	0	Bot closed by user	8.598e-05	8.721e-05	1.4305652477320308	\N	\N	\N	\N	2024-04-24 03:21:59.179+00	1	buy	567889895617	8.598e-05	0	0	\N	t	usdt	0.0009	3.4421797	3.4901442	6.9323239	10000	22709db4-bc74-4b83-b7b8-838833189240	5	0.9008	0	\N	2024-04-24 03:21:59.18+00	2024-04-27 05:49:54.634+00	0
36	3	POGAI_USDT	\N	40000	0	0	No spot found, closed futures	8.03e-05	8.185e-05	1.9302615193026114	\N	\N	\N	\N	2024-04-24 17:42:29.405+00	1	buy	568446489628	8.03e-05	0	0	\N	t	usdt	0.0009	3.2144090000000003	3.275637	6.490046	10000	6914bca3-63e1-4511-9b56-e01658698196	5	0.4111	0	\N	2024-04-24 17:42:29.406+00	2024-04-27 05:49:54.634+00	0
34	3	YFII_USDT	\N	0.007	0	0	Bot closed by user	517.9	522.5	0.8882023556671217	\N	\N	\N	\N	2024-04-24 16:26:11.957+00	1	buy	568394081918	517.9	0	0	\N	t	usdt	0.0009	3.628018975	3.6593287500000002	7.287347725	0.001	6bbfa78c-c2ec-444a-b3d7-a9164a81faa3	5	0.01	0	\N	2024-04-24 16:26:11.958+00	2024-04-27 05:49:54.634+00	0
18	3	DHX_USDT	\N	87	0	0	Bot closed by user	0.05644	0.0569	0.8150248051027678	\N	\N	\N	\N	2024-04-24 14:43:51.055+00	1	buy	568313440545	0.05644	0	0	\N	t	usdt	0.0009	4.913962709999999	4.952775150000001	9.86673786	1	9c0b6701-97d1-420b-b757-2e0ed858f448	5	0.01	0	\N	2024-04-24 14:43:51.056+00	2024-04-27 05:49:54.634+00	0
9	3	POGAI_USDT	40000	40000	0.01806510439360043	0	Bot closed by user	8.595e-05	8.716e-05	1.407795229784755	1.4004272489912164	8.426e-05	8.544e-05	\N	2024-04-24 03:27:03.228+00	1	short	458748968980	8.716e-05	0.2606525159394683	0	\N	t	usdt	0.0017432	3.44258	3.4881432	6.9307232	10000	af958e27-a8f7-4421-85ce-a568b99a8e11	5	0.9008	0.021445104393600003	5	2024-04-24 03:27:03.228+00	2024-04-27 05:49:54.634+00	0
53	3	POGAI_USDT	60000	60000	0.023455713844800385	0	Bot closed by user	8.013e-05	8.116e-05	1.285411206788979	1.262723875789212	7.761e-05	7.859e-05	\N	2024-04-24 19:28:42.205+00	1	short	459235799746	8.116e-05	0.24233018194667078	0	\N	t	usdt	0.0024348	4.8072027	4.8720348	9.6792375	10000	3cf5ebe7-e0ef-4d6c-a8c1-fbb41a005910	5	0.2402	0.0198584138448	5	2024-04-24 19:28:42.206+00	2024-04-27 05:49:54.634+00	0
5	3	POGAI_USDT	40000	40000	0.008877106541600455	0	Bot closed by user	8.601e-05	8.721e-05	1.3951866062085827	1.7263959995237463	8.399e-05	8.544e-05	\N	2024-04-24 03:20:24.302+00	1	short	458746545737	8.721e-05	0.1280390470645732	0	\N	t	usdt	0.0017442	3.4429803	3.4901442	6.9331245	10000	fdc8f8ac-9fb5-4276-9fed-7a6b910efa28	5	0.8807	0.0214574065416	5	2024-04-24 03:20:24.302+00	2024-04-27 05:49:54.634+00	0
28	3	POGAI_USDT	\N	120000	0	0	Bot closed by user	7.966e-05	8.088e-05	1.5315089128797283	\N	\N	\N	\N	2024-04-24 15:42:35.58+00	1	buy	568359990261	7.966e-05	0	0	\N	t	usdt	0.0009	9.566369400000001	9.7104528	19.2768222	10000	3005ac51-d56a-4ad5-a3e5-f5bc7b7ed180	5	0.024	0	\N	2024-04-24 15:42:35.58+00	2024-04-27 05:49:54.634+00	0
35	3	POGAI_USDT	40000	40000	-0.011993018176576165	0	No spot found, closed futures	8.03e-05	8.185e-05	1.9302615193026114	2.2102897102896994	8.008e-05	8.185e-05	\N	2024-04-24 17:42:29.048+00	1	short	459184997947	8.185e-05	-0.18479095797743442	0	\N	t	usdt	0.001637	3.2144090000000003	3.275637	6.490046	10000	6914bca3-63e1-4511-9b56-e01658698196	5	0.4111	0	5	2024-04-24 17:42:29.049+00	2024-04-27 05:49:54.634+00	0
3	3	POGAI_USDT	40000	40000	0.018093345997883148	0	Bot closed by user	8.931e-05	9.144e-05	2.3849512932482457	2.036278525453474	8.545e-05	8.719e-05	\N	2024-04-23 22:17:41.846+00	1	short	458620868489	9.144e-05	0.250097805514699	0	\N	t	usdt	0.0018288000000000002	3.5750793	3.6594288000000006	7.234508100000001	10000	1d9448e5-56f1-4fb7-88b0-056c9afd10cd	5	0.2213	0.006019760376000001	5	2024-04-23 22:17:41.847+00	2024-04-27 05:49:54.634+00	0
17	3	DHX_USDT	87	87	-0.05762271000000041	0	Bot closed by user	0.05644	0.0569	0.8150248051027678	1.9313304721030125	0.05592	0.057	\N	2024-04-24 14:43:50.91+00	1	short	459071913570	0.0569	-0.5840097387567608	0	\N	t	usdt	0.00247515	4.913962709999999	4.952775150000001	9.86673786	1	9c0b6701-97d1-420b-b757-2e0ed858f448	5	0.01	0	5	2024-04-24 14:43:50.91+00	2024-04-27 05:49:54.634+00	0
99	3	LAI_USDT	310	310	-0.013464756134453637	0	Futures Position Opened	0.031088	0.03129	0.6497683993823897	0.9226603968508508	0.028071	0.02833	\N	2024-04-29 06:22:01.959+00	1	short	461672383258	0.03129	-0.06960247923069608	0	\N	f	usdt	0.00484995	9.6404749375	9.70474995	19.345224887500002	10	15de7a1c-5e42-44de-8d68-019f34e44755	1	0.01	0.01639132266555	5	2024-04-29 06:22:01.959+00	2024-05-01 05:58:03.309+00	0.404834524958931
66	3	POGAI_USDT	\N	60000	0	0	Bot closed by user	7.759e-05	7.842e-05	1.0697254800876455	\N	\N	\N	\N	2024-04-25 12:08:21.165+00	1	buy	569126413170	7.759e-05	0	0	\N	t	usdt	0.0009	4.658891549999999	4.7075526	9.36644415	10000	2ebd2b59-9c46-47c5-b343-dc28b9e2258b	5	0.1637	0	\N	2024-04-25 12:08:21.166+00	2024-04-28 08:40:55.187+00	0
100	3	LAI_USDT	\N	310	0	0	Spot Position Opened	0.031088	0.03129	0.6497683993823897	\N	\N	\N	\N	2024-04-29 06:22:02.119+00	1	buy	572125786163	0.031088	0	0	\N	t	usdt	0.0009	9.6404749375	9.70474995	19.345224887500002	10	15de7a1c-5e42-44de-8d68-019f34e44755	1	0.01	0	\N	2024-04-29 06:22:02.12+00	2024-04-29 06:22:02.12+00	0
16	3	DHX_USDT	\N	70	0	0	Bot closed by user	0.05644	0.0569	0.8150248051027678	\N	\N	\N	\N	2024-04-24 14:43:29.246+00	1	buy	568313112306	0.05644	0	0	\N	t	usdt	0.0009	3.9537630999999998	3.9849915	7.938754599999999	1	267dfc1e-65d5-4232-a445-8a016d245780	5	0.01	0	\N	2024-04-24 14:43:29.247+00	2024-04-27 05:49:54.634+00	0
56	3	MPC_USDT	\N	18	0	0	Bot closed by user	0.262	0.2656	1.3740458015267143	\N	\N	\N	\N	2024-04-25 04:31:01.72+00	1	buy	568853413403	0.262	0	0	\N	t	usdt	0.0009	4.721338350000001	4.7831904000000005	9.504528750000002	1	193264d3-47a7-4982-a732-7d6d9254f8e1	5	0.1226	0	\N	2024-04-25 04:31:01.72+00	2024-04-27 05:49:54.634+00	0
13	3	MPC_USDT	15	15	-0.031224831000001174	0	Bot closed by user	0.2606	0.2619	0.498848810437461	1.2010848508330072	0.2581	0.2612	\N	2024-04-24 13:45:02.568+00	1	short	459025328579	0.2619	-0.39815422480580137	0	\N	t	usdt	0.0019642500000000003	3.91193175	3.9304642500000004	7.842396000000001	1	554a56a6-0749-458a-9ce2-4f13712a182e	5	0.126	0	5	2024-04-24 13:45:02.569+00	2024-04-27 05:49:54.634+00	0
4	3	POGAI_USDT	\N	40000	0	0	Bot closed by user	8.931e-05	9.144e-05	2.3849512932482457	\N	\N	\N	\N	2024-04-23 22:17:41.993+00	1	buy	567713553843	8.931e-05	0	0	\N	t	usdt	0.0009	3.5750793	3.6594288000000006	7.234508100000001	10000	1d9448e5-56f1-4fb7-88b0-056c9afd10cd	5	0.2213	0	\N	2024-04-23 22:17:41.993+00	2024-04-27 05:49:54.634+00	0
61	3	MPC_USDT	13	13	-0.14311147500000132	0	Profit threshold of 1 reached	0.2781	0.2918	4.926285508809777	8.753126116470176	0.2799	0.3044	\N	2024-04-25 05:18:46.678+00	1	short	459484740476	0.2918	-1.9304670954138676	0	\N	t	usdt	0.0018967	3.6180114750000003	3.7952967	7.413308175000001	1	92908e62-1897-420a-a965-5e7d2833fe78	5	0.1226	0	5	2024-04-25 05:18:46.679+00	2024-04-27 05:49:54.634+00	0
88	3	XEN_USDT	\N	10000000	0	0	Bot closed by user	3.95e-07	4e-07	1.265822784810128	\N	\N	\N	\N	2024-04-28 06:42:41.84+00	1	buy	571371107285	3.95e-07	0	0	\N	t	usdt	0.0009	3.9489595	4.002	7.9509595	1000000	d1140935-a12f-4646-8286-ede794f6fd1c	1	0.1083	0	\N	2024-04-28 06:42:41.84+00	2024-04-29 04:54:33.295+00	0
87	3	XEN_USDT	10000000	10000000	0.06034730778913655	0	Bot closed by user	3.95e-07	4e-07	1.265822784810128	-0.17211703958691685	3.486e-07	3.48e-07	\N	2024-04-28 06:42:41.693+00	1	short	461185907378	4e-07	0.758994028194164	0	\N	t	usdt	0.002	3.9489595	4.002	7.9509595	1000000	d1140935-a12f-4646-8286-ede794f6fd1c	1	0.1083	0.00608304	5	2024-04-28 06:42:41.694+00	2024-04-29 04:54:33.295+00	0.8574272542403018
72	3	POGAI_USDT	\N	60000	0	0	Bot closed by user	7.609e-05	7.721e-05	1.4719411223551095	\N	\N	\N	\N	2024-04-25 14:14:38.001+00	1	buy	569216861650	7.609e-05	0	0	\N	t	usdt	0.0009	4.568824049999999	4.6349163	9.20374035	10000	d2b8e14e-5bf8-4cdd-8861-13bf24242b31	5	0.1125	0	\N	2024-04-25 14:14:38.001+00	2024-04-28 08:40:43.377+00	0
30	3	POGAI_USDT	\N	120000	0	0	Bot closed by user	7.92e-05	8.091e-05	2.1590909090909034	\N	\N	\N	\N	2024-04-24 15:57:57.986+00	1	buy	568372385491	7.92e-05	0	0	\N	t	usdt	0.0009	9.511128	9.714054599999999	19.225182599999997	10000	3d65c2b4-195f-4ee4-9517-a071458b2e56	5	0.023	0	\N	2024-04-24 15:57:57.987+00	2024-04-27 05:49:54.634+00	0
58	3	XEN_USDT	\N	14000000	0	0	Bot closed by user	3.522e-07	3.55e-07	0.7950028392958542	\N	\N	\N	\N	2024-04-25 04:40:35.738+00	1	buy	568859527732	3.522e-07	0	0	\N	t	usdt	0.0009	4.9344981	4.972485	9.9069831	1000000	fb5fb694-75de-47c8-9e22-e1a0d4565b22	5	0.1055	0	\N	2024-04-25 04:40:35.738+00	2024-04-27 05:49:54.634+00	0
102	3	LAI_USDT	\N	310	0	0	Bot closed by user	0.030992	0.03114	0.4775425916365588	\N	\N	\N	\N	2024-04-29 06:24:02.767+00	1	buy	572126865450	0.030992	0	0	\N	t	usdt	0.0009	9.616587035	9.6582267	19.274813735000002	10	f4a9c69d-0c6b-42d7-900f-03531f6d2ba4	1	0.01	0	\N	2024-04-29 06:24:02.767+00	2024-04-29 06:27:08.206+00	0
101	3	LAI_USDT	310	310	-0.07539391400000284	0	Bot closed by user	0.030992	0.03114	0.4775425916365588	1.0669253152279468	0.03093	0.03126	\N	2024-04-29 06:24:02.62+00	1	short	461673108791	0.03114	-0.3911524906884027	0	\N	t	usdt	0.0048267	9.616587035	9.6582267	19.274813735000002	10	f4a9c69d-0c6b-42d7-900f-03531f6d2ba4	1	0.01	0	5	2024-04-29 06:24:02.62+00	2024-04-29 06:27:12.253+00	0
62	3	MPC_USDT	\N	13	0	0	Profit threshold of 1 reached	0.2781	0.2918	4.926285508809777	\N	\N	\N	\N	2024-04-25 05:18:46.909+00	1	buy	568882966083	0.2781	0	0	\N	t	usdt	0.0009	3.6180114750000003	3.7952967	7.413308175000001	1	92908e62-1897-420a-a965-5e7d2833fe78	5	0.1226	0	\N	2024-04-25 05:18:46.909+00	2024-04-27 05:49:54.634+00	0
54	3	POGAI_USDT	\N	60000	0	0	Bot closed by user	8.013e-05	8.116e-05	1.285411206788979	\N	\N	\N	\N	2024-04-24 19:28:42.353+00	1	buy	568516741885	8.013e-05	0	0	\N	t	usdt	0.0009	4.8072027	4.8720348	9.6792375	10000	3cf5ebe7-e0ef-4d6c-a8c1-fbb41a005910	5	0.2402	0	\N	2024-04-24 19:28:42.354+00	2024-04-27 05:49:54.634+00	0
55	3	MPC_USDT	18	18	0.027525841430398046	0	Bot closed by user	0.262	0.2656	1.3740458015267143	0.7058823529411734	0.2975	0.2996	\N	2024-04-25 04:31:01.572+00	1	short	459465238048	0.2656	0.2896076402567359	0	\N	t	usdt	0.0023904	4.721338350000001	4.7831904000000005	9.504528750000002	1	193264d3-47a7-4982-a732-7d6d9254f8e1	5	0.1226	0.005864191430400001	5	2024-04-25 04:31:01.573+00	2024-04-27 05:49:54.634+00	0
27	3	POGAI_USDT	120000	120000	-0.035679604574401225	0	Bot closed by user	7.966e-05	8.088e-05	1.5315089128797283	1.8614010816249436	7.951e-05	8.099e-05	\N	2024-04-24 15:42:35.434+00	1	short	459113366162	8.088e-05	-0.1850906970257848	0	\N	t	usdt	0.0048528	9.566369400000001	9.7104528	19.2768222	10000	3005ac51-d56a-4ad5-a3e5-f5bc7b7ed180	5	0.024	0.0026897954256	5	2024-04-24 15:42:35.435+00	2024-04-27 05:49:54.634+00	0
22	3	POGAI_USDT	\N	120000	0	0	Profit threshold of 0.2 reached	7.988e-05	8.129e-05	1.7651477215823757	\N	\N	\N	\N	2024-04-24 15:12:00.285+00	1	buy	568336032714	7.988e-05	0	0	\N	t	usdt	0.0009	9.592789199999999	9.7596774	19.3524666	10000	09fd349a-dcae-4f8f-9f18-4c9f8890b638	5	0.0205	0	\N	2024-04-24 15:12:00.286+00	2024-04-27 05:49:54.634+00	0
90	3	POGAI_USDT	\N	40000	0	0	Spot Position Opened	7.983e-05	8.037e-05	0.6764374295377741	\N	\N	\N	\N	2024-04-28 09:11:11.785+00	1	buy	571447076397	7.983e-05	0	0	\N	t	usdt	0.0009	3.1971961	3.2164074000000005	6.413603500000001	10000	2c963381-5e2f-4759-a9a4-235bca886d80	1	0.1774	0	\N	2024-04-28 09:11:11.786+00	2024-04-28 09:11:11.786+00	0
89	3	POGAI_USDT	40000	40000	-0.011116954044400273	0	Futures Position Opened	7.983e-05	8.037e-05	0.6764374295377741	1.7862459065198004	6.718e-05	6.838e-05	\N	2024-04-28 09:11:11.637+00	1	short	461230802946	8.037e-05	-0.1733339774496548	0	\N	f	usdt	0.0016074000000000001	3.1971961	3.2164074000000005	6.413603500000001	10000	2c963381-5e2f-4759-a9a4-235bca886d80	1	0.1774	0.019279145955600003	5	2024-04-28 09:11:11.638+00	2024-05-01 05:59:04.639+00	0.4824798896532906
38	3	POGAI_USDT	\N	40000	0	0	No futures position found, closing spot	8.034e-05	8.193e-05	1.9790888722927429	\N	\N	\N	\N	2024-04-24 17:43:50.668+00	1	buy	568447314653	8.034e-05	0	0	\N	t	usdt	0.0009	3.2164105	3.2788386	6.4952491	10000	1f7462dc-b764-45db-9017-17ae71a9926a	5	0.4111	0	\N	2024-04-24 17:43:50.668+00	2024-04-27 05:49:54.634+00	0
32	3	POGAI_USDT	\N	120000	0	0	No spot found, closed futures	7.954e-05	8.093e-05	1.747548403319083	\N	\N	\N	\N	2024-04-24 16:24:20.169+00	1	buy	568392693446	7.954e-05	0	0	\N	t	usdt	0.0009	9.5519586	9.7164558	19.2684144	10000	ef41440f-076a-488c-9e54-4de30593000e	5	0.4557	0	\N	2024-04-24 16:24:20.17+00	2024-04-27 05:49:54.634+00	0
21	3	POGAI_USDT	120000	120000	-0.002389199999999647	0	Profit threshold of 0.2 reached	7.988e-05	8.129e-05	1.7651477215823757	1.723704076497226	7.948e-05	8.085e-05	\N	2024-04-24 15:12:00.133+00	1	short	459092750017	8.129e-05	-0.012345713078247333	0	\N	t	usdt	0.0048774	9.592789199999999	9.7596774	19.3524666	10000	09fd349a-dcae-4f8f-9f18-4c9f8890b638	5	0.0205	0	5	2024-04-24 15:12:00.136+00	2024-04-27 05:49:54.634+00	0
105	3	NKN_USDT	85	85	-0.07253839559999875	0	Futures Position Opened	0.11579	0.1171	1.1313584938250207	1.97672270460004	0.10826	0.1104	\N	2024-04-29 07:35:08.108+00	1	short	461712039676	0.1171	-0.36616024278494946	0	\N	f	usdt	0.00497675	9.852083525000001	9.95847675	19.810560275	1	070d9b83-bea5-4602-a62c-75c179ce39d1	1	0.01	0.0079667814	5	2024-04-29 07:35:08.109+00	2024-05-01 05:59:06.074+00	0.14650133551056885
23	3	YFII_USDT	0.009000000000000001	0.009000000000000001	-0.14658051460500232	0	Bot closed by user	518	523.1	0.984555984555989	1.8010963194988232	510.8	520	\N	2024-04-24 15:13:02.478+00	1	short	459093286441	523.1	-1.5634003420494442	0	\N	t	usdt	0.00235395	4.665496500000001	4.71025395	9.375750450000002	0.001	93c20c68-7292-4212-a2c3-af8c65ba766a	5	0.01	0.00047102539500000007	5	2024-04-24 15:13:02.479+00	2024-04-27 05:49:54.634+00	0
68	3	YFII_USDT	\N	0.009000000000000001	0	0	Spot Position Opened	506.7	514.3	1.4999013222814221	\N	\N	\N	\N	2024-04-25 12:10:27.776+00	1	buy	569127833562	506.7	0	0	\N	t	usdt	0.0009	4.563720225000001	4.63101435	9.194734575000002	0.001	a40eec0a-3c7d-4c56-9311-befbc5eb142b	5	0.0246	0	\N	2024-04-25 12:10:27.776+00	2024-04-27 05:49:54.634+00	0
15	3	DHX_USDT	70	70	-0.04636309999999977	0	Bot closed by user	0.05644	0.0569	0.8150248051027678	1.9313304721030125	0.05592	0.057	\N	2024-04-24 14:43:29.1+00	1	short	459071550151	0.0569	-0.5840097387567538	0	\N	t	usdt	0.0019915	3.9537630999999998	3.9849915	7.938754599999999	1	267dfc1e-65d5-4232-a445-8a016d245780	5	0.01	0	5	2024-04-24 14:43:29.101+00	2024-04-27 05:49:54.634+00	0
7	3	POGAI_USDT	40000	40000	0.02247770654160064	0	Bot closed by user	8.598e-05	8.721e-05	1.4305652477320308	1.3428401663695755	8.415e-05	8.528e-05	\N	2024-04-24 03:21:59.032+00	1	short	458747083826	8.721e-05	0.32424489775500304	0	\N	t	usdt	0.0017442	3.4421797	3.4901442	6.9323239	10000	22709db4-bc74-4b83-b7b8-838833189240	5	0.9008	0.0214574065416	5	2024-04-24 03:21:59.032+00	2024-04-27 05:49:54.634+00	0
1	3	POGAI_USDT	40000	40000	-0.015736387235254057	0	Bot closed by user	8.373e-05	8.48e-05	1.2779171145348163	1.654279549268765	8.342e-05	8.48e-05	\N	2024-04-23 21:05:02.413+00	1	short	458600064234	8.48e-05	-0.23329037277722015	0	\N	t	usdt	0.001696	3.3517119	3.393696	6.7454079	10000	79ae7a59-2282-417d-9a19-d69ac76b926b	5	0.2528	0	5	2024-04-23 21:05:02.414+00	2024-04-27 05:49:54.634+00	0
41	3	POGAI_USDT	40000	40000	0.0016021000000003838	0	No futures position found, closing spot	8.009e-05	8.124e-05	1.4358846297914856	1.5142034789137742	7.991e-05	8.112e-05	\N	2024-04-24 17:53:32.593+00	1	short	459189694395	8.124e-05	0.024835591900555315	0	\N	t	usdt	0.0016248	3.1995979	3.2512248	6.4508227	10000	737a8441-577e-4d9f-bcc5-978fe063b714	5	0.4467	0	5	2024-04-24 17:53:32.593+00	2024-04-27 05:49:54.634+00	0
31	3	POGAI_USDT	120000	120000	-0.011912385650795443	0	No spot found, closed futures	7.954e-05	8.093e-05	1.747548403319083	1.7576664173522834	8.022e-05	8.163e-05	\N	2024-04-24 16:24:20.016+00	1	short	459142350945	8.093e-05	-0.061823383094747233	0	\N	t	usdt	0.0048558	9.5519586	9.7164558	19.2684144	10000	ef41440f-076a-488c-9e54-4de30593000e	5	0.4557	0	5	2024-04-24 16:24:20.017+00	2024-04-27 05:49:54.634+00	0
33	3	YFII_USDT	0.007	0.007	-0.07157897499999955	0	Bot closed by user	517.9	522.5	0.8882023556671217	1.3823987538940854	513.6	520.7	\N	2024-04-24 16:26:11.812+00	1	short	459143636373	522.5	-0.9822363046357795	0	\N	t	usdt	0.00182875	3.628018975	3.6593287500000002	7.287347725	0.001	6bbfa78c-c2ec-444a-b3d7-a9164a81faa3	5	0.01	0	5	2024-04-24 16:26:11.812+00	2024-04-27 05:49:54.634+00	0
37	3	POGAI_USDT	40000	40000	-3.2207961034259833	0	No futures position found, closing spot	8.034e-05	8.193e-05	1.9790888722927429	2.4219725343320833	8.01e-05	8.204e-05	\N	2024-04-24 17:43:50.295+00	1	short	459185560859	8.193e-05	-49.58695276869341	0	\N	t	usdt	0.0016385999999999998	3.2164105	3.2788386	6.4952491	10000	1f7462dc-b764-45db-9017-17ae71a9926a	5	0.4111	0	6	2024-04-24 17:43:50.296+00	2024-04-27 05:49:54.634+00	0
57	3	XEN_USDT	14000000	14000000	0.02990190000000048	0	Bot closed by user	3.522e-07	3.55e-07	0.7950028392958542	0.10136847440445443	3.946e-07	3.95e-07	\N	2024-04-25 04:40:35.551+00	1	short	459469626912	3.55e-07	0.3018264965042736	0	\N	t	usdt	0.002485	4.9344981	4.972485	9.9069831	1000000	fb5fb694-75de-47c8-9e22-e1a0d4565b22	5	0.1055	0	5	2024-04-25 04:40:35.552+00	2024-04-27 05:49:54.634+00	0
26	3	POGAI_USDT	\N	60000	0	0	Bot closed by user	7.997e-05	8.137e-05	1.7506564961860784	\N	\N	\N	\N	2024-04-24 15:18:25.355+00	1	buy	568340866776	7.997e-05	0	0	\N	t	usdt	0.0009	4.801798649999999	4.8846411000000005	9.68643975	10000	3e83c4b6-22e0-4853-a73f-3faada554b70	5	0.0205	0	\N	2024-04-24 15:18:25.355+00	2024-04-27 05:49:54.634+00	0
12	3	POGAI_USDT	\N	40000	0	0	Bot closed by user	8.609e-05	8.782e-05	2.0095249157858044	\N	\N	\N	\N	2024-04-24 04:10:26.528+00	1	buy	567916337604	8.609e-05	0	0	\N	t	usdt	0.0009	3.4461827	3.5145564	6.9607391	10000	462d7922-50b0-4f27-9dd5-a98cf9fcad1e	5	0.9081	0	\N	2024-04-24 04:10:26.528+00	2024-04-27 05:49:54.634+00	0
11	3	POGAI_USDT	40000	40000	0.038624792747199876	0	Bot closed by user	8.609e-05	8.782e-05	2.0095249157858044	1.4735591206179381	8.415e-05	8.539e-05	\N	2024-04-24 04:10:26.381+00	1	short	458764408829	8.782e-05	0.5548949930791096	0	\N	t	usdt	0.0017564	3.4461827	3.5145564	6.9607391	10000	462d7922-50b0-4f27-9dd5-a98cf9fcad1e	5	0.9081	0.021607492747200002	5	2024-04-24 04:10:26.382+00	2024-04-27 05:49:54.634+00	0
10	3	POGAI_USDT	\N	40000	0	0	Bot closed by user	8.595e-05	8.716e-05	1.407795229784755	\N	\N	\N	\N	2024-04-24 03:27:03.374+00	1	buy	567892755978	8.595e-05	0	0	\N	t	usdt	0.0009	3.44258	3.4881432	6.9307232	10000	af958e27-a8f7-4421-85ce-a568b99a8e11	5	0.9008	0	\N	2024-04-24 03:27:03.374+00	2024-04-27 05:49:54.634+00	0
64	3	POGAI_USDT	\N	40000	0	0	Bot closed by user	7.816e-05	8.011e-05	2.494882292732864	\N	\N	\N	\N	2024-04-25 07:00:00.856+00	1	buy	568938603583	7.816e-05	0	0	\N	t	usdt	0.0009	3.1291451	3.2060022000000004	6.335147300000001	10000	06968dd5-7c6b-46f0-be38-e0709975ace4	5	0.1796	0	\N	2024-04-25 07:00:00.857+00	2024-04-27 05:49:54.634+00	0
63	3	POGAI_USDT	40000	40000	0.04438729971779942	0	Bot closed by user	7.816e-05	8.011e-05	2.494882292732864	1.262723875789212	7.761e-05	7.859e-05	\N	2024-04-25 07:00:00.708+00	1	short	459518273368	8.011e-05	0.7006514231768441	0	\N	t	usdt	0.0016022	3.1291451	3.2060022000000004	6.335147300000001	10000	06968dd5-7c6b-46f0-be38-e0709975ace4	5	0.1796	0.008332399717800002	5	2024-04-25 07:00:00.708+00	2024-04-27 05:49:54.634+00	0
42	3	POGAI_USDT	\N	40000	0	0	No futures position found, closing spot	8.009e-05	8.124e-05	1.4358846297914856	\N	\N	\N	\N	2024-04-24 17:53:32.94+00	1	buy	568453438905	8.009e-05	0	0	\N	t	usdt	0.0009	3.1995979	3.2512248	6.4508227	10000	737a8441-577e-4d9f-bcc5-978fe063b714	5	0.4467	0	\N	2024-04-24 17:53:32.941+00	2024-04-27 05:49:54.634+00	0
52	3	POGAI_USDT	\N	40000	0	0	Bot closed by user	7.96e-05	8.043e-05	1.042713567839201	\N	\N	\N	\N	2024-04-24 19:00:14.891+00	1	buy	568496151003	7.96e-05	0	0	\N	t	usdt	0.0009	3.1863879999999996	3.2188086	6.4051966	10000	706d8f60-2c82-4e1c-b4ea-f8d8a25015cb	5	0.2875	0	\N	2024-04-24 19:00:14.891+00	2024-04-28 08:40:48.701+00	0
106	3	NKN_USDT	\N	85	0	0	Spot Position Opened	0.11579	0.1171	1.1313584938250207	\N	\N	\N	\N	2024-04-29 07:35:08.456+00	1	buy	572175668980	0.11579	0	0	\N	t	usdt	0.0009	9.852083525000001	9.95847675	19.810560275	1	070d9b83-bea5-4602-a62c-75c179ce39d1	1	0.01	0	\N	2024-04-29 07:45:13.537+00	2024-04-29 07:45:13.537+00	0
65	3	POGAI_USDT	60000	60000	0.11634437991780011	0	Bot closed by user	7.759e-05	7.842e-05	1.0697254800876455	0.5119880119880007	8.008e-05	8.049e-05	\N	2024-04-25 12:08:21.013+00	1	short	459653375895	7.842e-05	1.2421403261962558	0	\N	t	usdt	0.0023526	4.658891549999999	4.7075526	9.36644415	10000	2ebd2b59-9c46-47c5-b343-dc28b9e2258b	5	0.1637	0.09463592991779998	5	2024-04-25 12:08:21.014+00	2024-04-28 08:40:55.187+00	0
79	3	POGAI_USDT	50000	50000	0.06801743391899961	0	Profit threshold of 1 reached	7.833e-05	7.943e-05	1.4043150772373287	0.2506265664160462	7.98e-05	8e-05	\N	2024-04-27 05:49:56.2+00	1	short	460683178372	7.943e-05	0.8617521397562022	0	\N	t	usdt	0.00198575	3.9194373750000002	3.97348575	7.892923125	10000	f7c3e2ed-e1de-49a3-a111-ade9c20515e0	1	0.1595	0.025954808919	5	2024-04-27 05:49:56.201+00	2024-04-28 04:27:07.813+00	0
24	3	YFII_USDT	\N	0.009000000000000001	0	0	Bot closed by user	518	523.1	0.984555984555989	\N	\N	\N	\N	2024-04-24 15:13:02.625+00	1	buy	568336779712	518	0	0	\N	t	usdt	0.0009	4.665496500000001	4.71025395	9.375750450000002	0.001	93c20c68-7292-4212-a2c3-af8c65ba766a	5	0.01	0	\N	2024-04-24 15:13:02.626+00	2024-04-27 05:49:54.634+00	0
29	3	POGAI_USDT	120000	120000	0.02316279312420022	0	Bot closed by user	7.92e-05	8.091e-05	2.1590909090909034	1.8614010816249436	7.951e-05	8.099e-05	\N	2024-04-24 15:57:57.84+00	1	short	459124793515	8.091e-05	0.12048152470707989	0	\N	t	usdt	0.0048546	9.511128	9.714054599999999	19.225182599999997	10000	3d65c2b4-195f-4ee4-9517-a071458b2e56	5	0.023	0.0026907931241999996	5	2024-04-24 15:57:57.841+00	2024-04-27 05:49:54.634+00	0
14	3	MPC_USDT	\N	15	0	0	Bot closed by user	0.2606	0.2619	0.498848810437461	\N	\N	\N	\N	2024-04-24 13:45:02.715+00	1	buy	568267363340	0.2606	0	0	\N	t	usdt	0.0009	3.91193175	3.9304642500000004	7.842396000000001	1	554a56a6-0749-458a-9ce2-4f13712a182e	5	0.126	0	\N	2024-04-24 13:45:02.716+00	2024-04-27 05:49:54.634+00	0
2	3	POGAI_USDT	\N	40000	0	0	Bot closed by user	8.373e-05	8.48e-05	1.2779171145348163	\N	\N	\N	\N	2024-04-23 21:05:02.562+00	1	buy	567678314309	8.373e-05	0	0	\N	t	usdt	0.0009	3.3517119	3.393696	6.7454079	10000	79ae7a59-2282-417d-9a19-d69ac76b926b	5	0.2528	0	\N	2024-04-23 21:05:02.563+00	2024-04-27 05:49:54.634+00	0
49	3	POGAI_USDT	120000	120000	0.034666802599204516	0	Bot closed by user	7.976e-05	8.057e-05	1.0155466399197601	1.262723875789212	7.761e-05	7.859e-05	\N	2024-04-24 18:37:13.963+00	1	short	459207438562	8.057e-05	0.18028587697656112	0	\N	t	usdt	0.0048342	9.555561299999999	9.6732342	19.228795499999997	10000	2eec931c-7bbb-46a3-af49-4de757ae851c	5	0.3216	0.0394281025992	5	2024-04-24 18:37:13.966+00	2024-04-27 05:49:54.634+00	0
74	3	MPC_USDT	\N	12	0	0	Profit threshold of 1 reached	0.3092	0.3148	1.811125485122914	\N	\N	\N	\N	2024-04-25 16:20:19.51+00	1	buy	569303202603	0.3092	0	0	\N	t	usdt	0.0009	3.7131828	3.7794888000000006	7.4926716	1	8c1e124e-985e-423f-a849-13fbbf5f653c	5	0.3775	0	\N	2024-04-25 16:20:19.511+00	2024-04-27 05:49:54.634+00	0
73	3	MPC_USDT	12	12	0.06819051515520069	0	Profit threshold of 1 reached	0.3092	0.3148	1.811125485122914	0.13427324605572724	0.2979	0.2983	\N	2024-04-25 16:20:19.363+00	1	short	459802034293	0.3148	0.9100961418781611	0	\N	t	usdt	0.0018888000000000004	3.7131828	3.7794888000000006	7.4926716	1	8c1e124e-985e-423f-a849-13fbbf5f653c	5	0.3775	0.0151330731552	5	2024-04-25 16:20:19.363+00	2024-04-27 05:49:54.634+00	0
80	3	POGAI_USDT	\N	50000	0	0	Profit threshold of 1 reached	7.833e-05	7.943e-05	1.4043150772373287	\N	\N	\N	\N	2024-04-27 05:49:56.347+00	1	buy	570588191193	7.833e-05	0	0	\N	t	usdt	0.0009	3.9194373750000002	3.97348575	7.892923125	10000	f7c3e2ed-e1de-49a3-a111-ade9c20515e0	1	0.1595	0	\N	2024-04-27 05:49:56.348+00	2024-04-28 04:27:07.813+00	0
67	3	YFII_USDT	0.009000000000000001	0.009000000000000001	0.016718207075998137	0	Futures Position Opened	506.7	514.3	1.4999013222814221	0.9523809523809474	462	466.4	\N	2024-04-25 12:10:27.63+00	1	short	459654630048	514.3	0.1818237050741417	0	\N	f	usdt	0.00231435	4.563720225000001	4.63101435	9.194734575000002	0.001	a40eec0a-3c7d-4c56-9311-befbc5eb142b	5	0.0246	0.08780403207599999	5	2024-04-25 12:10:27.63+00	2024-05-01 05:59:07.499+00	0.4075538366250009
\.


--
-- Data for Name: MatchingPairs; Type: TABLE DATA; Schema: public; Owner: postgres
--

COPY public."MatchingPairs" (id, "fundingRate", name, "precision", "amountPrecision", spotfee, "createdAt", "updatedAt") FROM stdin;
CFX_USDT	0.0092	CFX_USDT	5	2	\N	2024-04-16 08:35:52.226+00	2024-04-16 08:35:52.226+00
CHR_USDT	0.01	CHR_USDT	5	2	\N	2024-04-16 08:35:52.226+00	2024-04-16 08:35:52.226+00
CHZ_USDT	0.01	CHZ_USDT	5	2	\N	2024-04-16 08:35:52.226+00	2024-04-16 08:35:52.226+00
CKB_USDT	0.01	CKB_USDT	6	1	\N	2024-04-16 08:35:52.226+00	2024-04-16 08:35:52.226+00
CLV_USDT	0.005	CLV_USDT	5	2	\N	2024-04-16 08:35:52.226+00	2024-04-16 08:35:52.226+00
COMP_USDT	0.01	COMP_USDT	2	3	\N	2024-04-16 08:35:52.226+00	2024-04-16 08:35:52.226+00
CORE_USDT	0.01	CORE_USDT	4	2	\N	2024-04-16 08:35:52.226+00	2024-04-16 08:35:52.226+00
COTI_USDT	0.01	COTI_USDT	5	2	\N	2024-04-16 08:35:52.226+00	2024-04-16 08:35:52.226+00
CREAM_USDT	-0.0549	CREAM_USDT	3	2	\N	2024-04-16 08:35:52.226+00	2024-04-16 08:35:52.226+00
CRO_USDT	0.01	CRO_USDT	5	2	\N	2024-04-16 08:35:52.226+00	2024-04-16 08:35:52.226+00
CRV_USDT	0.01	CRV_USDT	4	2	\N	2024-04-16 08:35:52.226+00	2024-04-16 08:35:52.226+00
CSPR_USDT	0.01	CSPR_USDT	5	1	\N	2024-04-16 08:35:52.226+00	2024-04-16 08:35:52.226+00
CTC_USDT	0.005	CTC_USDT	5	2	\N	2024-04-16 08:35:52.226+00	2024-04-16 08:35:52.226+00
CTK_USDT	0.01	CTK_USDT	4	2	\N	2024-04-16 08:35:52.226+00	2024-04-16 08:35:52.226+00
CTSI_USDT	0.0062	CTSI_USDT	5	2	\N	2024-04-16 08:35:52.226+00	2024-04-16 08:35:52.226+00
CVC_USDT	-0.7108	CVC_USDT	5	2	\N	2024-04-16 08:35:52.226+00	2024-04-16 08:35:52.226+00
CVX_USDT	0.01	CVX_USDT	3	2	\N	2024-04-16 08:35:52.226+00	2024-04-16 08:35:52.226+00
CYBER_USDT	-0.0088	CYBER_USDT	3	3	\N	2024-04-16 08:35:52.226+00	2024-04-16 08:35:52.226+00
DAR_USDT	0.01	DAR_USDT	5	2	\N	2024-04-16 08:35:52.226+00	2024-04-16 08:35:52.226+00
DASH_USDT	0.01	DASH_USDT	2	4	\N	2024-04-16 08:35:52.226+00	2024-04-16 08:35:52.226+00
DEGEN_USDT	0.005	DEGEN_USDT	5	2	\N	2024-04-16 08:35:52.226+00	2024-04-16 08:35:52.226+00
DEGO_USDT	0.01	DEGO_USDT	4	2	\N	2024-04-16 08:35:52.226+00	2024-04-16 08:35:52.226+00
DENT_USDT	0.01	DENT_USDT	7	0	\N	2024-04-16 08:35:52.226+00	2024-04-16 08:35:52.226+00
DGB_USDT	0.01	DGB_USDT	6	1	\N	2024-04-16 08:35:52.226+00	2024-04-16 08:35:52.226+00
DHX_USDT	0.01	DHX_USDT	5	2	\N	2024-04-16 08:35:52.226+00	2024-04-16 08:35:52.226+00
DMAIL_USDT	0.005	DMAIL_USDT	4	2	\N	2024-04-16 08:35:52.226+00	2024-04-16 08:35:52.226+00
DODO_USDT	0.005	DODO_USDT	5	2	\N	2024-04-16 08:35:52.226+00	2024-04-16 08:35:52.226+00
DOGE_USDT	-0.0026	DOGE_USDT	6	2	\N	2024-04-16 08:35:52.226+00	2024-04-16 08:35:52.226+00
DOT_USDT	-0.0196	DOT_USDT	3	2	\N	2024-04-16 08:35:52.226+00	2024-04-16 08:35:52.226+00
DUSK_USDT	0.01	DUSK_USDT	5	2	\N	2024-04-16 08:35:52.226+00	2024-04-16 08:35:52.226+00
DYDX_USDT	-0.0208	DYDX_USDT	3	2	\N	2024-04-16 08:35:52.226+00	2024-04-16 08:35:52.226+00
DYM_USDT	0.0047	DYM_USDT	4	2	\N	2024-04-16 08:35:52.226+00	2024-04-16 08:35:52.226+00
EDU_USDT	0.01	EDU_USDT	4	2	\N	2024-04-16 08:35:52.226+00	2024-04-16 08:35:52.226+00
EGLD_USDT	0.01	EGLD_USDT	2	4	\N	2024-04-16 08:35:52.226+00	2024-04-16 08:35:52.226+00
ELA_USDT	0.005	ELA_USDT	4	2	\N	2024-04-16 08:35:52.226+00	2024-04-16 08:35:52.226+00
ENA_USDT	0.005	ENA_USDT	5	2	\N	2024-04-16 08:35:52.226+00	2024-04-16 08:35:52.226+00
ENJ_USDT	0.01	ENJ_USDT	4	2	\N	2024-04-16 08:35:52.226+00	2024-04-16 08:35:52.226+00
ENS_USDT	0.01	ENS_USDT	3	2	\N	2024-04-16 08:35:52.226+00	2024-04-16 08:35:52.226+00
EOS_USDT	0.01	EOS_USDT	4	2	\N	2024-04-16 08:35:52.226+00	2024-04-16 08:35:52.226+00
ESE_USDT	0.005	ESE_USDT	5	2	\N	2024-04-16 08:35:52.226+00	2024-04-16 08:35:52.226+00
ETC_USDT	0.01	ETC_USDT	3	4	\N	2024-04-16 08:35:52.226+00	2024-04-16 08:35:52.226+00
ETHFI_USDT	0.005	ETHFI_USDT	3	2	\N	2024-04-16 08:35:52.226+00	2024-04-16 08:35:52.226+00
ETHW_USDT	0.0055	ETHW_USDT	4	2	\N	2024-04-16 08:35:52.226+00	2024-04-16 08:35:52.226+00
ETH_USDT	0.01	ETH_USDT	2	4	\N	2024-04-16 08:35:52.226+00	2024-04-16 08:35:52.226+00
FARM_USDT	-0.144	FARM_USDT	2	4	\N	2024-04-16 08:35:52.226+00	2024-04-16 08:35:52.226+00
FET_USDT	-0.0228	FET_USDT	4	2	\N	2024-04-16 08:35:52.226+00	2024-04-16 08:35:52.226+00
FIDA_USDT	0.01	FIDA_USDT	4	2	\N	2024-04-16 08:35:52.226+00	2024-04-16 08:35:52.226+00
FIL_USDT	0.01	FIL_USDT	3	2	\N	2024-04-16 08:35:52.226+00	2024-04-16 08:35:52.226+00
FIO_USDT	0.005	FIO_USDT	5	2	\N	2024-04-16 08:35:52.226+00	2024-04-16 08:35:52.226+00
FIS_USDT	0.005	FIS_USDT	4	2	\N	2024-04-16 08:35:52.226+00	2024-04-16 08:35:52.226+00
FITFI_USDT	0.0408	FITFI_USDT	6	1	\N	2024-04-16 08:35:52.226+00	2024-04-16 08:35:52.226+00
FLIP_USDT	0.005	FLIP_USDT	3	2	\N	2024-04-16 08:35:52.226+00	2024-04-16 08:35:52.226+00
FLM_USDT	0.005	FLM_USDT	5	2	\N	2024-04-16 08:35:52.226+00	2024-04-16 08:35:52.226+00
FLOKI_USDT	0.0037	FLOKI_USDT	8	0	\N	2024-04-16 08:35:52.226+00	2024-04-16 08:35:52.226+00
FLOW_USDT	0.01	FLOW_USDT	4	2	\N	2024-04-16 08:35:52.226+00	2024-04-16 08:35:52.226+00
FLR_USDT	0.01	FLR_USDT	6	1	\N	2024-04-16 08:35:52.226+00	2024-04-16 08:35:52.226+00
FLT_USDT	0.005	FLT_USDT	4	2	\N	2024-04-16 08:35:52.226+00	2024-04-16 08:35:52.226+00
FLUX_USDT	0.01	FLUX_USDT	4	2	\N	2024-04-16 08:35:52.226+00	2024-04-16 08:35:52.226+00
FORTH_USDT	0.01	FORTH_USDT	3	2	\N	2024-04-16 08:35:52.226+00	2024-04-16 08:35:52.226+00
FORT_USDT	-0.3211	FORT_USDT	5	2	\N	2024-04-16 08:35:52.226+00	2024-04-16 08:35:52.226+00
FOXY_USDT	0.005	FOXY_USDT	5	2	\N	2024-04-16 08:35:52.226+00	2024-04-16 08:35:52.226+00
FRONT_USDT	0.01	FRONT_USDT	4	2	\N	2024-04-16 08:35:52.226+00	2024-04-16 08:35:52.226+00
FTM_USDT	0.01	FTM_USDT	4	2	\N	2024-04-16 08:35:52.226+00	2024-04-16 08:35:52.226+00
FTT_USDT	0.01	FTT_USDT	3	2	\N	2024-04-16 08:35:52.226+00	2024-04-16 08:35:52.226+00
FUN_USDT	0.01	FUN_USDT	6	1	\N	2024-04-16 08:35:52.226+00	2024-04-16 08:35:52.226+00
GALA_USDT	0.0053	GALA_USDT	5	2	\N	2024-04-16 08:35:52.226+00	2024-04-16 08:35:52.226+00
GAL_USDT	0.01	GAL_USDT	4	2	\N	2024-04-16 08:35:52.226+00	2024-04-16 08:35:52.226+00
GARI_USDT	0.01	GARI_USDT	5	2	\N	2024-04-16 08:35:52.226+00	2024-04-16 08:35:52.226+00
GAS_USDT	-0.0002	GAS_USDT	3	4	\N	2024-04-16 08:35:52.226+00	2024-04-16 08:35:52.226+00
GFI_USDT	0.005	GFI_USDT	4	2	\N	2024-04-16 08:35:52.226+00	2024-04-16 08:35:52.226+00
GFT_USDT	0.01	GFT_USDT	6	1	\N	2024-04-16 08:35:52.226+00	2024-04-16 08:35:52.226+00
GHST_USDT	0.005	GHST_USDT	4	2	\N	2024-04-16 08:35:52.226+00	2024-04-16 08:35:52.226+00
GLMR_USDT	0.01	GLMR_USDT	4	2	\N	2024-04-16 08:35:52.226+00	2024-04-16 08:35:52.226+00
GLM_USDT	-0.0347	GLM_USDT	4	2	\N	2024-04-16 08:35:52.226+00	2024-04-16 08:35:52.226+00
GMT_USDT	0.01	GMT_USDT	4	2	\N	2024-04-16 08:35:52.226+00	2024-04-16 08:35:52.226+00
GMX_USDT	0.01	GMX_USDT	2	3	\N	2024-04-16 08:35:52.226+00	2024-04-16 08:35:52.226+00
GNS_USDT	0.01	GNS_USDT	3	2	\N	2024-04-16 08:35:52.226+00	2024-04-16 08:35:52.226+00
GPT_USDT	0.005	GPT_USDT	5	2	\N	2024-04-16 08:35:52.226+00	2024-04-16 08:35:52.226+00
GROK_USDT	0.01	GROK_USDT	6	1	\N	2024-04-16 08:35:52.226+00	2024-04-16 08:35:52.226+00
GRT_USDT	0.01	GRT_USDT	5	2	\N	2024-04-16 08:35:52.226+00	2024-04-16 08:35:52.226+00
GTAI_USDT	0.005	GTAI_USDT	4	2	\N	2024-04-16 08:35:52.226+00	2024-04-16 08:35:52.226+00
GT_USDT	0.01	GT_USDT	3	2	\N	2024-04-16 08:35:52.226+00	2024-04-16 08:35:52.226+00
HBAR_USDT	0.01	HBAR_USDT	5	2	\N	2024-04-16 08:35:52.226+00	2024-04-16 08:35:52.226+00
HFT_USDT	0.01	HFT_USDT	4	2	\N	2024-04-16 08:35:52.226+00	2024-04-16 08:35:52.226+00
HIFI_USDT	0.005	HIFI_USDT	4	2	\N	2024-04-16 08:35:52.226+00	2024-04-16 08:35:52.226+00
HIGH_USDT	0.01	HIGH_USDT	4	2	\N	2024-04-16 08:35:52.226+00	2024-04-16 08:35:52.226+00
HNT_USDT	0.01	HNT_USDT	3	2	\N	2024-04-16 08:35:52.226+00	2024-04-16 08:35:52.226+00
HOOK_USDT	0.01	HOOK_USDT	4	2	\N	2024-04-16 08:35:52.226+00	2024-04-16 08:35:52.226+00
HOT_USDT	0.01	HOT_USDT	7	0	\N	2024-04-16 08:35:52.226+00	2024-04-16 08:35:52.226+00
ICE_USDT	0.01	ICE_USDT	6	1	\N	2024-04-16 08:35:52.226+00	2024-04-16 08:35:52.226+00
ICP_USDT	0.01	ICP_USDT	3	2	\N	2024-04-16 08:35:52.226+00	2024-04-16 08:35:52.226+00
ICX_USDT	0.01	ICX_USDT	4	2	\N	2024-04-16 08:35:52.226+00	2024-04-16 08:35:52.226+00
IDEX_USDT	0.005	IDEX_USDT	5	2	\N	2024-04-16 08:35:52.226+00	2024-04-16 08:35:52.226+00
ID_USDT	0.0099	ID_USDT	4	2	\N	2024-04-16 08:35:52.226+00	2024-04-16 08:35:52.226+00
ILV_USDT	0.005	ILV_USDT	2	3	\N	2024-04-16 08:35:52.226+00	2024-04-16 08:35:52.226+00
IMX_USDT	0.005	IMX_USDT	4	2	\N	2024-04-16 08:35:52.226+00	2024-04-16 08:35:52.226+00
INJ_USDT	0.0083	INJ_USDT	3	2	\N	2024-04-16 08:35:52.226+00	2024-04-16 08:35:52.226+00
IOST_USDT	0.01	IOST_USDT	6	1	\N	2024-04-16 08:35:52.226+00	2024-04-16 08:35:52.226+00
IOTA_USDT	0.01	IOTA_USDT	5	2	\N	2024-04-16 08:35:52.226+00	2024-04-16 08:35:52.226+00
IOTX_USDT	0.01	IOTX_USDT	5	2	\N	2024-04-16 08:35:52.226+00	2024-04-16 08:35:52.226+00
IQ50_USDT	0.005	IQ50_USDT	9	0	\N	2024-04-16 08:35:52.226+00	2024-04-16 08:35:52.226+00
IQ_USDT	0.005	IQ_USDT	5	2	\N	2024-04-16 08:35:52.226+00	2024-04-16 08:35:52.226+00
JASMY_USDT	0.01	JASMY_USDT	6	1	\N	2024-04-16 08:35:52.226+00	2024-04-16 08:35:52.226+00
JOE_USDT	0.01	JOE_USDT	4	2	\N	2024-04-16 08:35:52.226+00	2024-04-16 08:35:52.226+00
JST_USDT	0.01	JST_USDT	5	2	\N	2024-04-16 08:35:52.226+00	2024-04-16 08:35:52.226+00
JTO_USDT	0.005	JTO_USDT	4	2	\N	2024-04-16 08:35:52.226+00	2024-04-16 08:35:52.226+00
JUP_USDT	0.005	JUP_USDT	4	2	\N	2024-04-16 08:35:52.226+00	2024-04-16 08:35:52.226+00
KARRAT_USDT	0.005	KARRAT_USDT	4	2	\N	2024-04-23 11:01:19.717+00	2024-04-23 11:01:19.717+00
KAS_USDT	0.01	KAS_USDT	5	2	\N	2024-04-16 08:35:52.226+00	2024-04-16 08:35:52.226+00
KAVA_USDT	0.01	KAVA_USDT	4	2	\N	2024-04-16 08:35:52.226+00	2024-04-16 08:35:52.226+00
KDA_USDT	0.01	KDA_USDT	4	2	\N	2024-04-16 08:35:52.226+00	2024-04-16 08:35:52.226+00
KEY_USDT	0.01	KEY_USDT	6	1	\N	2024-04-16 08:35:52.226+00	2024-04-16 08:35:52.226+00
KLAY_USDT	0.01	KLAY_USDT	5	2	\N	2024-04-16 08:35:52.226+00	2024-04-16 08:35:52.226+00
KNC_USDT	0.01	KNC_USDT	4	3	\N	2024-04-16 08:35:52.226+00	2024-04-16 08:35:52.226+00
KSM_USDT	0.01	KSM_USDT	2	3	\N	2024-04-16 08:35:52.226+00	2024-04-16 08:35:52.226+00
LADYS_USDT	0.01	LADYS_USDT	11	0	\N	2024-04-16 08:35:52.226+00	2024-04-16 08:35:52.226+00
LAI_USDT	0.01	LAI_USDT	6	1	\N	2024-04-16 08:35:52.226+00	2024-04-16 08:35:52.226+00
LDO_USDT	0.01	LDO_USDT	3	2	\N	2024-04-16 08:35:52.226+00	2024-04-16 08:35:52.226+00
LINA_USDT	0.01	LINA_USDT	6	1	\N	2024-04-16 08:35:52.226+00	2024-04-16 08:35:52.226+00
LINK_USDT	0.0033	LINK_USDT	3	2	\N	2024-04-16 08:35:52.226+00	2024-04-16 08:35:52.226+00
LIT_USDT	0.01	LIT_USDT	4	2	\N	2024-04-16 08:35:52.226+00	2024-04-16 08:35:52.226+00
LOKA_USDT	0.01	LOKA_USDT	4	2	\N	2024-04-16 08:35:52.226+00	2024-04-16 08:35:52.226+00
LOOKS_USDT	0.01	LOOKS_USDT	5	2	\N	2024-04-16 08:35:52.226+00	2024-04-16 08:35:52.226+00
LOOM_USDT	0.005	LOOM_USDT	5	2	\N	2024-04-16 08:35:52.226+00	2024-04-16 08:35:52.226+00
LPT_USDT	0.005	LPT_USDT	3	2	\N	2024-04-16 08:35:52.226+00	2024-04-16 08:35:52.226+00
LQTY_USDT	0.0037	LQTY_USDT	4	2	\N	2024-04-16 08:35:52.226+00	2024-04-16 08:35:52.226+00
LRC_USDT	0.01	LRC_USDT	4	2	\N	2024-04-16 08:35:52.226+00	2024-04-16 08:35:52.226+00
LSK_USDT	0.005	LSK_USDT	4	3	\N	2024-04-16 08:35:52.226+00	2024-04-16 08:35:52.226+00
LTC_USDT	0.0052	LTC_USDT	2	4	\N	2024-04-16 08:35:52.226+00	2024-04-16 08:35:52.226+00
LUNA_USDT	0.01	LUNA_USDT	4	2	\N	2024-04-16 08:35:52.226+00	2024-04-16 08:35:52.226+00
LUNC_USDT	-0.0058	LUNC_USDT	8	0	\N	2024-04-16 08:35:52.226+00	2024-04-16 08:35:52.226+00
MAGIC_USDT	0.01	MAGIC_USDT	4	2	\N	2024-04-16 08:35:52.226+00	2024-04-16 08:35:52.226+00
MANA_USDT	0.01	MANA_USDT	4	2	\N	2024-04-16 08:35:52.226+00	2024-04-16 08:35:52.226+00
MANTA_USDT	0.0008	MANTA_USDT	4	2	\N	2024-04-16 08:35:52.226+00	2024-04-16 08:35:52.226+00
MASA_USDT	0.005	MASA_USDT	5	2	\N	2024-04-16 08:35:52.226+00	2024-04-16 08:35:52.226+00
MASK_USDT	0.01	MASK_USDT	3	2	\N	2024-04-16 08:35:52.226+00	2024-04-16 08:35:52.226+00
MATIC_USDT	0.01	MATIC_USDT	4	2	\N	2024-04-16 08:35:52.226+00	2024-04-16 08:35:52.226+00
MAVIA_USDT	0.005	MAVIA_USDT	4	2	\N	2024-04-16 08:35:52.226+00	2024-04-16 08:35:52.226+00
MAV_USDT	0.01	MAV_USDT	4	2	\N	2024-04-16 08:35:52.226+00	2024-04-16 08:35:52.226+00
MBL_USDT	0.01	MBL_USDT	6	1	\N	2024-04-16 08:35:52.226+00	2024-04-16 08:35:52.226+00
MBOX_USDT	0.01	MBOX_USDT	4	2	\N	2024-04-16 08:35:52.226+00	2024-04-16 08:35:52.226+00
MDT_USDT	0.01	MDT_USDT	5	2	\N	2024-04-16 08:35:52.226+00	2024-04-16 08:35:52.226+00
MEME_USDT	0.01	MEME_USDT	5	1	\N	2024-04-16 08:35:52.226+00	2024-04-16 08:35:52.226+00
MERL_USDT	0.005	MERL_USDT	3	2	\N	2024-04-19 11:27:16.369+00	2024-04-19 11:27:16.369+00
METIS_USDT	0.01	METIS_USDT	3	2	\N	2024-04-16 08:35:52.226+00	2024-04-16 08:35:52.226+00
MEW_USDT	0.005	MEW_USDT	6	1	\N	2024-04-16 08:35:52.226+00	2024-04-16 08:35:52.226+00
MINA_USDT	0.01	MINA_USDT	4	2	\N	2024-04-16 08:35:52.226+00	2024-04-16 08:35:52.226+00
MKR_USDT	0.01	MKR_USDT	2	6	\N	2024-04-16 08:35:52.226+00	2024-04-16 08:35:52.226+00
MNT_USDT	0.005	MNT_USDT	4	2	\N	2024-04-16 08:35:52.226+00	2024-04-16 08:35:52.226+00
MOBILE_USDT	0.005	MOBILE_USDT	6	1	\N	2024-04-16 08:35:52.226+00	2024-04-16 08:35:52.226+00
MOVEZ_USDT	0.01	MOVEZ_USDT	7	0	\N	2024-04-16 08:35:52.226+00	2024-04-16 08:35:52.226+00
MOVR_USDT	0.01	MOVR_USDT	3	2	\N	2024-04-16 08:35:52.226+00	2024-04-16 08:35:52.226+00
MPC_USDT	0.005	MPC_USDT	4	2	\N	2024-04-16 08:35:52.226+00	2024-04-16 08:35:52.226+00
MPLX_USDT	0.005	MPLX_USDT	5	2	\N	2024-04-16 08:35:52.226+00	2024-04-16 08:35:52.226+00
MPL_USDT	0.005	MPL_USDT	3	2	\N	2024-04-16 08:35:52.226+00	2024-04-16 08:35:52.226+00
MSN_USDT	0.005	MSN_USDT	4	2	\N	2024-04-30 00:00:02.98+00	2024-04-30 00:00:02.98+00
MTL_USDT	0.01	MTL_USDT	4	2	\N	2024-04-16 08:35:52.226+00	2024-04-16 08:35:52.226+00
MUBI_USDT	0.01	MUBI_USDT	6	1	\N	2024-04-16 08:35:52.226+00	2024-04-16 08:35:52.226+00
MYRIA_USDT	0.01	MYRIA_USDT	6	1	\N	2024-04-16 08:35:52.226+00	2024-04-16 08:35:52.226+00
MYRO_USDT	0.005	MYRO_USDT	4	2	\N	2024-04-16 08:35:52.226+00	2024-04-16 08:35:52.226+00
NEAR_USDT	0.01	NEAR_USDT	3	2	\N	2024-04-16 08:35:52.226+00	2024-04-16 08:35:52.226+00
NEO_USDT	-0.0109	NEO_USDT	2	4	\N	2024-04-16 08:35:52.226+00	2024-04-16 08:35:52.226+00
NFP_USDT	0.005	NFP_USDT	4	2	\N	2024-04-16 08:35:52.226+00	2024-04-16 08:35:52.226+00
NIBI_USDT	0.005	NIBI_USDT	5	2	\N	2024-04-16 08:35:52.226+00	2024-04-16 08:35:52.226+00
NKN_USDT	0.01	NKN_USDT	5	2	\N	2024-04-16 08:35:52.226+00	2024-04-16 08:35:52.226+00
NMR_USDT	0.005	NMR_USDT	3	2	\N	2024-04-16 08:35:52.226+00	2024-04-16 08:35:52.226+00
NTRN_USDT	0.01	NTRN_USDT	4	2	\N	2024-04-16 08:35:52.226+00	2024-04-16 08:35:52.226+00
NULS_USDT	0.0022	NULS_USDT	4	2	\N	2024-04-16 08:35:52.226+00	2024-04-16 08:35:52.226+00
OAX_USDT	0.01	OAX_USDT	5	2	\N	2024-04-16 08:35:52.226+00	2024-04-16 08:35:52.226+00
OCEAN_USDT	0.01	OCEAN_USDT	4	2	\N	2024-04-16 08:35:52.226+00	2024-04-16 08:35:52.226+00
OGN_USDT	0.01	OGN_USDT	5	2	\N	2024-04-16 08:35:52.226+00	2024-04-16 08:35:52.226+00
OG_USDT	0.01	OG_USDT	3	2	\N	2024-04-16 08:35:52.226+00	2024-04-16 08:35:52.226+00
OKB_USDT	0.01	OKB_USDT	2	3	\N	2024-04-16 08:35:52.226+00	2024-04-16 08:35:52.226+00
OMG_USDT	0.01	OMG_USDT	4	2	\N	2024-04-16 08:35:52.226+00	2024-04-16 08:35:52.226+00
OMNI_USDT	0.005	OMNI_USDT	2	4	\N	2024-04-17 15:36:01.875+00	2024-04-17 15:36:01.875+00
OM_USDT	0.005	OM_USDT	5	2	\N	2024-04-16 08:35:52.226+00	2024-04-16 08:35:52.226+00
ONDO_USDT	0.005	ONDO_USDT	5	2	\N	2024-04-16 08:35:52.226+00	2024-04-16 08:35:52.226+00
AKT_USDT	0.005	AKT_USDT	4	2	\N	2024-04-23 11:01:19.717+00	2024-04-23 11:01:19.717+00
BCUT_USDT	0.005	BCUT_USDT	5	2	\N	2024-04-16 08:35:52.226+00	2024-04-16 08:35:52.226+00
ONE_USDT	0.01	ONE_USDT	6	1	\N	2024-04-16 08:35:52.226+00	2024-04-16 08:35:52.226+00
ONG_USDT	0.01	ONG_USDT	4	2	\N	2024-04-16 08:35:52.226+00	2024-04-16 08:35:52.226+00
ONT_USDT	-0.0242	ONT_USDT	4	2	\N	2024-04-16 08:35:52.226+00	2024-04-16 08:35:52.226+00
OP_USDT	0.005	OP_USDT	4	2	\N	2024-04-16 08:35:52.226+00	2024-04-16 08:35:52.226+00
ORBS_USDT	0.005	ORBS_USDT	5	2	\N	2024-04-16 08:35:52.226+00	2024-04-16 08:35:52.226+00
ORDI_USDT	0.01	ORDI_USDT	2	3	\N	2024-04-16 08:35:52.226+00	2024-04-16 08:35:52.226+00
ORN_USDT	0.005	ORN_USDT	4	2	\N	2024-04-16 08:35:52.226+00	2024-04-16 08:35:52.226+00
OXT_USDT	0.01	OXT_USDT	5	2	\N	2024-04-16 08:35:52.226+00	2024-04-16 08:35:52.226+00
PATEX_USDT	0.005	PATEX_USDT	4	2	\N	2024-04-16 08:35:52.226+00	2024-04-16 08:35:52.226+00
PBUX_USDT	-0.0249	PBUX_USDT	4	2	\N	2024-04-24 18:28:26.616+00	2024-04-24 18:28:26.616+00
PENDLE_USDT	0.01	PENDLE_USDT	4	2	\N	2024-04-16 08:35:52.226+00	2024-04-16 08:35:52.226+00
PEOPLE_USDT	0.0013	PEOPLE_USDT	6	1	\N	2024-04-16 08:35:52.226+00	2024-04-16 08:35:52.226+00
PEPE2_USDT	0.01	PEPE2_USDT	11	0	\N	2024-04-16 08:35:52.226+00	2024-04-16 08:35:52.226+00
PEPE_USDT	0.0059	PEPE_USDT	10	0	\N	2024-04-16 08:35:52.226+00	2024-04-16 08:35:52.226+00
PERP_USDT	0.005	PERP_USDT	4	2	\N	2024-04-16 08:35:52.226+00	2024-04-16 08:35:52.226+00
PHA_USDT	0.005	PHA_USDT	5	2	\N	2024-04-16 08:35:52.226+00	2024-04-16 08:35:52.226+00
PHB_USDT	0.01	PHB_USDT	4	2	\N	2024-04-16 08:35:52.226+00	2024-04-16 08:35:52.226+00
PIXEL_USDT	0.005	PIXEL_USDT	4	2	\N	2024-04-16 08:35:52.226+00	2024-04-16 08:35:52.226+00
PNG_USDT	0.005	PNG_USDT	5	2	\N	2024-04-16 08:35:52.226+00	2024-04-16 08:35:52.226+00
POGAI_USDT	0.1501	POGAI_USDT	8	0	\N	2024-04-16 08:35:52.226+00	2024-04-16 08:35:52.226+00
POLYX_USDT	-0.0114	POLYX_USDT	4	2	\N	2024-04-16 08:35:52.226+00	2024-04-16 08:35:52.226+00
POND_USDT	0.005	POND_USDT	6	1	\N	2024-04-16 08:35:52.226+00	2024-04-16 08:35:52.226+00
PORTAL_USDT	0.005	PORTAL_USDT	3	2	\N	2024-04-16 08:35:52.226+00	2024-04-16 08:35:52.226+00
POWR_USDT	0.01	POWR_USDT	4	2	\N	2024-04-16 08:35:52.226+00	2024-04-16 08:35:52.226+00
PRCL_USDT	0.005	PRCL_USDT	5	2	\N	2024-04-17 03:00:01.855+00	2024-04-17 03:00:01.855+00
PRIME_USDT	0.005	PRIME_USDT	3	3	\N	2024-04-16 08:35:52.226+00	2024-04-16 08:35:52.226+00
PROM_USDT	0.01	PROM_USDT	3	2	\N	2024-04-16 08:35:52.226+00	2024-04-16 08:35:52.226+00
PRQ_USDT	0.01	PRQ_USDT	5	2	\N	2024-04-16 08:35:52.226+00	2024-04-16 08:35:52.226+00
PYR_USDT	0.01	PYR_USDT	3	2	\N	2024-04-16 08:35:52.226+00	2024-04-16 08:35:52.226+00
PYTH_USDT	-0.0104	PYTH_USDT	4	2	\N	2024-04-16 08:35:52.226+00	2024-04-16 08:35:52.226+00
QNT_USDT	0.01	QNT_USDT	2	3	\N	2024-04-16 08:35:52.226+00	2024-04-16 08:35:52.226+00
QTUM_USDT	0.01	QTUM_USDT	3	4	\N	2024-04-16 08:35:52.226+00	2024-04-16 08:35:52.226+00
RACA_USDT	0.01	RACA_USDT	8	0	\N	2024-04-16 08:35:52.226+00	2024-04-16 08:35:52.226+00
RADAR_USDT	0.005	RADAR_USDT	6	1	\N	2024-04-16 08:35:52.226+00	2024-04-16 08:35:52.226+00
RAD_USDT	0.01	RAD_USDT	4	2	\N	2024-04-16 08:35:52.226+00	2024-04-16 08:35:52.226+00
RARE_USDT	0.01	RARE_USDT	5	2	\N	2024-04-16 08:35:52.226+00	2024-04-16 08:35:52.226+00
RATS_USDT	0.01	RATS_USDT	8	0	\N	2024-04-16 08:35:52.226+00	2024-04-16 08:35:52.226+00
RAY_USDT	0.005	RAY_USDT	4	2	\N	2024-04-16 08:35:52.226+00	2024-04-16 08:35:52.226+00
RDNT_USDT	0.01	RDNT_USDT	4	2	\N	2024-04-16 08:35:52.226+00	2024-04-16 08:35:52.226+00
REEF_USDT	0.01	REEF_USDT	7	0	\N	2024-04-16 08:35:52.226+00	2024-04-16 08:35:52.226+00
REI_USDT	0.005	REI_USDT	5	2	\N	2024-04-16 08:35:52.226+00	2024-04-16 08:35:52.226+00
REN_USDT	0.01	REN_USDT	5	2	\N	2024-04-16 08:35:52.226+00	2024-04-16 08:35:52.226+00
REQ_USDT	0.01	REQ_USDT	5	2	\N	2024-04-16 08:35:52.226+00	2024-04-16 08:35:52.226+00
RIF_USDT	0.005	RIF_USDT	5	2	\N	2024-04-16 08:35:52.226+00	2024-04-16 08:35:52.226+00
RLC_USDT	0.01	RLC_USDT	4	3	\N	2024-04-16 08:35:52.226+00	2024-04-16 08:35:52.226+00
RNDR_USDT	0.01	RNDR_USDT	3	2	\N	2024-04-16 08:35:52.226+00	2024-04-16 08:35:52.226+00
RON_USDT	0.005	RON_USDT	4	2	\N	2024-04-16 08:35:52.226+00	2024-04-16 08:35:52.226+00
ROOT_USDT	0.005	ROOT_USDT	6	1	\N	2024-04-16 08:35:52.226+00	2024-04-16 08:35:52.226+00
ROSE_USDT	0.01	ROSE_USDT	5	2	\N	2024-04-16 08:35:52.226+00	2024-04-16 08:35:52.226+00
RPL_USDT	0.01	RPL_USDT	2	4	\N	2024-04-16 08:35:52.226+00	2024-04-16 08:35:52.226+00
RSR_USDT	0.01	RSR_USDT	6	1	\N	2024-04-16 08:35:52.226+00	2024-04-16 08:35:52.226+00
RSS3_USDT	0.005	RSS3_USDT	5	2	\N	2024-04-16 08:35:52.226+00	2024-04-16 08:35:52.226+00
RUNE_USDT	0.0083	RUNE_USDT	3	2	\N	2024-04-16 08:35:52.226+00	2024-04-16 08:35:52.226+00
RVN_USDT	0.01	RVN_USDT	6	1	\N	2024-04-16 08:35:52.226+00	2024-04-16 08:35:52.226+00
SAFE_USDT	0.005	SAFE_USDT	3	2	\N	2024-04-23 11:01:19.717+00	2024-04-23 11:01:19.717+00
SAGA_USDT	0.005	SAGA_USDT	4	2	\N	2024-04-16 08:35:52.226+00	2024-04-16 08:35:52.226+00
SAND_USDT	0.01	SAND_USDT	4	2	\N	2024-04-16 08:35:52.226+00	2024-04-16 08:35:52.226+00
SATS_USDT	0.01	SATS_USDT	10	0	\N	2024-04-16 08:35:52.226+00	2024-04-16 08:35:52.226+00
SCA_USDT	0.005	SCA_USDT	5	2	\N	2024-04-16 08:35:52.226+00	2024-04-16 08:35:52.226+00
SC_USDT	0.01	SC_USDT	6	1	\N	2024-04-16 08:35:52.226+00	2024-04-16 08:35:52.226+00
SEAM_USDT	0.005	SEAM_USDT	3	2	\N	2024-04-17 15:36:01.875+00	2024-04-17 15:36:01.875+00
SEI_USDT	-0.0132	SEI_USDT	5	2	\N	2024-04-16 08:35:52.226+00	2024-04-16 08:35:52.226+00
SFP_USDT	0.01	SFP_USDT	4	2	\N	2024-04-16 08:35:52.226+00	2024-04-16 08:35:52.226+00
SHIB_USDT	0.01	SHIB_USDT	9	0	\N	2024-04-16 08:35:52.226+00	2024-04-16 08:35:52.226+00
SIDUS_USDT	0.005	SIDUS_USDT	6	1	\N	2024-04-16 08:35:52.226+00	2024-04-16 08:35:52.226+00
SLERF_USDT	0.005	SLERF_USDT	4	2	\N	2024-04-16 08:35:52.226+00	2024-04-16 08:35:52.226+00
SSV_USDT	0.01	SSV_USDT	3	2	\N	2024-04-16 08:35:52.226+00	2024-04-16 08:35:52.226+00
STEEM_USDT	-0.3231	STEEM_USDT	4	2	\N	2024-04-16 08:35:52.226+00	2024-04-16 08:35:52.226+00
STG_USDT	0.01	STG_USDT	4	2	\N	2024-04-16 08:35:52.226+00	2024-04-16 08:35:52.226+00
STORJ_USDT	0.01	STORJ_USDT	4	2	\N	2024-04-16 08:35:52.226+00	2024-04-16 08:35:52.226+00
STRK_USDT	0.005	STRK_USDT	3	2	\N	2024-04-16 08:35:52.226+00	2024-04-16 08:35:52.226+00
SUI_USDT	0.0066	SUI_USDT	4	2	\N	2024-04-16 08:35:52.226+00	2024-04-16 08:35:52.226+00
SUPER_USDT	0.005	SUPER_USDT	5	2	\N	2024-04-16 08:35:52.226+00	2024-04-16 08:35:52.226+00
SWEAT_USDT	0.01	SWEAT_USDT	6	1	\N	2024-04-16 08:35:52.226+00	2024-04-16 08:35:52.226+00
SXP_USDT	0.01	SXP_USDT	4	2	\N	2024-04-16 08:35:52.226+00	2024-04-16 08:35:52.226+00
THETA_USDT	0.01	THETA_USDT	4	3	\N	2024-04-16 08:35:52.226+00	2024-04-16 08:35:52.226+00
TIA_USDT	0.0026	TIA_USDT	3	2	\N	2024-04-16 08:35:52.226+00	2024-04-16 08:35:52.226+00
TOKEN_USDT	0.005	TOKEN_USDT	5	2	\N	2024-04-16 08:35:52.226+00	2024-04-16 08:35:52.226+00
TOMI_USDT	0.01	TOMI_USDT	3	2	\N	2024-04-16 08:35:52.226+00	2024-04-16 08:35:52.226+00
TRU_USDT	0.01	TRU_USDT	5	2	\N	2024-04-16 08:35:52.226+00	2024-04-16 08:35:52.226+00
TRX_USDT	0.01	TRX_USDT	5	2	\N	2024-04-16 08:35:52.226+00	2024-04-16 08:35:52.226+00
T_USDT	0.005	T_USDT	5	2	\N	2024-04-16 08:35:52.226+00	2024-04-16 08:35:52.226+00
UMA_USDT	0.005	UMA_USDT	4	2	\N	2024-04-16 08:35:52.226+00	2024-04-16 08:35:52.226+00
UNI_USDT	0.0003	UNI_USDT	3	2	\N	2024-04-16 08:35:52.226+00	2024-04-16 08:35:52.226+00
USDC_USDT	-0.0067	USDC_USDT	4	2	\N	2024-04-16 08:35:52.226+00	2024-04-16 08:35:52.226+00
BAND_USDT	0.01	BAND_USDT	4	2	\N	2024-04-16 08:35:52.226+00	2024-04-16 08:35:52.226+00
BAT_USDT	0.01	BAT_USDT	4	2	\N	2024-04-16 08:35:52.226+00	2024-04-16 08:35:52.226+00
BBL_USDT	0.005	BBL_USDT	5	2	\N	2024-04-16 08:35:52.226+00	2024-04-16 08:35:52.226+00
BCH_USDT	0.0077	BCH_USDT	2	4	\N	2024-04-16 08:35:52.226+00	2024-04-16 08:35:52.226+00
BEAMX_USDT	0.005	BEAMX_USDT	6	1	\N	2024-04-16 08:35:52.226+00	2024-04-16 08:35:52.226+00
BEL_USDT	0.01	BEL_USDT	4	2	\N	2024-04-16 08:35:52.226+00	2024-04-16 08:35:52.226+00
BENQI_USDT	0.005	BENQI_USDT	6	1	\N	2024-04-16 08:35:52.226+00	2024-04-16 08:35:52.226+00
BICO_USDT	0.01	BICO_USDT	4	2	\N	2024-04-16 08:35:52.226+00	2024-04-16 08:35:52.226+00
BIGTIME_USDT	0.01	BIGTIME_USDT	5	2	\N	2024-04-16 08:35:52.226+00	2024-04-16 08:35:52.226+00
BLOCK_USDT	0.005	BLOCK_USDT	4	2	\N	2024-04-16 08:35:52.226+00	2024-04-16 08:35:52.226+00
BLUR_USDT	-0.0767	BLUR_USDT	4	2	\N	2024-04-16 08:35:52.226+00	2024-04-16 08:35:52.226+00
BLZ_USDT	0.005	BLZ_USDT	4	2	\N	2024-04-16 08:35:52.226+00	2024-04-16 08:35:52.226+00
BNB_USDT	0.01	BNB_USDT	1	4	\N	2024-04-16 08:35:52.226+00	2024-04-16 08:35:52.226+00
BNT_USDT	0.01	BNT_USDT	4	2	\N	2024-04-16 08:35:52.226+00	2024-04-16 08:35:52.226+00
BNX_USDT	0.01	BNX_USDT	4	2	\N	2024-04-16 08:35:52.226+00	2024-04-16 08:35:52.226+00
BOBA_USDT	0.005	BOBA_USDT	5	2	\N	2024-04-16 08:35:52.226+00	2024-04-16 08:35:52.226+00
BOME_USDT	0.005	BOME_USDT	6	1	\N	2024-04-16 08:35:52.226+00	2024-04-16 08:35:52.226+00
BOND_USDT	0.01	BOND_USDT	3	3	\N	2024-04-16 08:35:52.226+00	2024-04-16 08:35:52.226+00
BONE_USDT	0.005	BONE_USDT	4	2	\N	2024-04-16 08:35:52.226+00	2024-04-16 08:35:52.226+00
BONK_USDT	0.01	BONK_USDT	9	0	\N	2024-04-16 08:35:52.226+00	2024-04-16 08:35:52.226+00
BRAWL_USDT	0.005	BRAWL_USDT	7	0	\N	2024-04-16 08:35:52.226+00	2024-04-16 08:35:52.226+00
BSV_USDT	0.0092	BSV_USDT	2	4	\N	2024-04-16 08:35:52.226+00	2024-04-16 08:35:52.226+00
BSW_USDT	0.01	BSW_USDT	5	2	\N	2024-04-16 08:35:52.226+00	2024-04-16 08:35:52.226+00
BTC_USDT	0.01	BTC_USDT	1	5	\N	2024-04-16 08:35:52.226+00	2024-04-16 08:35:52.226+00
BTT_USDT	0.01	BTT_USDT	10	0	\N	2024-04-16 08:35:52.226+00	2024-04-16 08:35:52.226+00
C98_USDT	0.01	C98_USDT	5	2	\N	2024-04-16 08:35:52.226+00	2024-04-16 08:35:52.226+00
CAKE_USDT	0.01	CAKE_USDT	3	2	\N	2024-04-16 08:35:52.226+00	2024-04-16 08:35:52.226+00
CELO_USDT	0.01	CELO_USDT	4	2	\N	2024-04-16 08:35:52.226+00	2024-04-16 08:35:52.226+00
CELR_USDT	0.01	CELR_USDT	6	1	\N	2024-04-16 08:35:52.226+00	2024-04-16 08:35:52.226+00
CEL_USDT	0.01	CEL_USDT	4	2	\N	2024-04-16 08:35:52.226+00	2024-04-16 08:35:52.226+00
CETUS_USDT	0.01	CETUS_USDT	5	2	\N	2024-04-16 08:35:52.226+00	2024-04-16 08:35:52.226+00
USTC_USDT	0.005	USTC_USDT	6	1	\N	2024-04-16 08:35:52.226+00	2024-04-16 08:35:52.226+00
VENOM_USDT	0.005	VENOM_USDT	5	2	\N	2024-04-16 08:35:52.226+00	2024-04-16 08:35:52.226+00
VOXEL_USDT	0.005	VOXEL_USDT	5	2	\N	2024-04-16 08:35:52.226+00	2024-04-16 08:35:52.226+00
VRTX_USDT	0.01	VRTX_USDT	4	2	\N	2024-04-16 08:35:52.226+00	2024-04-16 08:35:52.226+00
WAVES_USDT	0.009	WAVES_USDT	3	3	\N	2024-04-16 08:35:52.226+00	2024-04-16 08:35:52.226+00
WAXP_USDT	0.005	WAXP_USDT	5	2	\N	2024-04-16 08:35:52.226+00	2024-04-16 08:35:52.226+00
WEMIX_USDT	0.01	WEMIX_USDT	4	2	\N	2024-04-16 08:35:52.226+00	2024-04-16 08:35:52.226+00
WIF_USDT	0.005	WIF_USDT	4	2	\N	2024-04-16 08:35:52.226+00	2024-04-16 08:35:52.226+00
WIN_USDT	0.01	WIN_USDT	8	0	\N	2024-04-16 08:35:52.226+00	2024-04-16 08:35:52.226+00
WLD_USDT	0.01	WLD_USDT	3	3	\N	2024-04-16 08:35:52.226+00	2024-04-16 08:35:52.226+00
WOJAK_USDT	0.01	WOJAK_USDT	8	0	\N	2024-04-16 08:35:52.226+00	2024-04-16 08:35:52.226+00
WOO_USDT	0.01	WOO_USDT	4	2	\N	2024-04-16 08:35:52.226+00	2024-04-16 08:35:52.226+00
W_USDT	0.005	W_USDT	4	2	\N	2024-04-16 08:35:52.226+00	2024-04-16 08:35:52.226+00
XAI_USDT	0.005	XAI_USDT	4	2	\N	2024-04-16 08:35:52.226+00	2024-04-16 08:35:52.226+00
XCH_USDT	0.01	XCH_USDT	2	4	\N	2024-04-16 08:35:52.226+00	2024-04-16 08:35:52.226+00
XCN_USDT	0.01	XCN_USDT	7	0	\N	2024-04-16 08:35:52.226+00	2024-04-16 08:35:52.226+00
XEC_USDT	0.01	XEC_USDT	8	0	\N	2024-04-16 08:35:52.226+00	2024-04-16 08:35:52.226+00
XEM_USDT	0.01	XEM_USDT	5	2	\N	2024-04-16 08:35:52.226+00	2024-04-16 08:35:52.226+00
XEN_USDT	0.098	XEN_USDT	10	0	\N	2024-04-16 08:35:52.226+00	2024-04-16 08:35:52.226+00
XLM_USDT	0.01	XLM_USDT	5	2	\N	2024-04-16 08:35:52.226+00	2024-04-16 08:35:52.226+00
XMR_USDT	0.01	XMR_USDT	2	4	\N	2024-04-16 08:35:52.226+00	2024-04-16 08:35:52.226+00
XRD_USDT	0.01	XRD_USDT	5	2	\N	2024-04-16 08:35:52.226+00	2024-04-16 08:35:52.226+00
XRP_USDT	0.0022	XRP_USDT	5	3	\N	2024-04-16 08:35:52.226+00	2024-04-16 08:35:52.226+00
XTZ_USDT	0.01	XTZ_USDT	4	3	\N	2024-04-16 08:35:52.226+00	2024-04-16 08:35:52.226+00
1CAT_USDT	0.01	1CAT_USDT	6	1	\N	2024-04-16 08:35:52.226+00	2024-04-16 08:35:52.226+00
1INCH_USDT	0.01	1INCH_USDT	4	2	\N	2024-04-16 08:35:52.226+00	2024-04-16 08:35:52.226+00
AAVE_USDT	0.01	AAVE_USDT	2	3	\N	2024-04-16 08:35:52.226+00	2024-04-16 08:35:52.226+00
ACA_USDT	0.01	ACA_USDT	5	2	\N	2024-04-16 08:35:52.226+00	2024-04-16 08:35:52.226+00
ACE_USDT	0.005	ACE_USDT	3	2	\N	2024-04-16 08:35:52.226+00	2024-04-16 08:35:52.226+00
ACH_USDT	0.01	ACH_USDT	5	2	\N	2024-04-16 08:35:52.226+00	2024-04-16 08:35:52.226+00
ACS_USDT	0.005	ACS_USDT	6	0	\N	2024-04-16 08:35:52.226+00	2024-04-16 08:35:52.226+00
ADA_USDT	0.01	ADA_USDT	4	2	\N	2024-04-16 08:35:52.226+00	2024-04-16 08:35:52.226+00
AERO_USDT	0.005	AERO_USDT	4	2	\N	2024-04-16 08:35:52.226+00	2024-04-16 08:35:52.226+00
AEVO_USDT	-0.0364	AEVO_USDT	3	2	\N	2024-04-16 08:35:52.226+00	2024-04-16 08:35:52.226+00
AGIX_USDT	0.01	AGIX_USDT	4	2	\N	2024-04-16 08:35:52.226+00	2024-04-16 08:35:52.226+00
AGI_USDT	0.005	AGI_USDT	5	2	\N	2024-04-16 08:35:52.226+00	2024-04-16 08:35:52.226+00
AGLD_USDT	0.01	AGLD_USDT	4	2	\N	2024-04-16 08:35:52.226+00	2024-04-16 08:35:52.226+00
AIOZ_USDT	0.005	AIOZ_USDT	5	2	\N	2024-04-16 08:35:52.226+00	2024-04-16 08:35:52.226+00
AI_USDT	0.005	AI_USDT	4	2	\N	2024-04-16 08:35:52.226+00	2024-04-16 08:35:52.226+00
AKRO_USDT	0.01	AKRO_USDT	6	1	\N	2024-04-16 08:35:52.226+00	2024-04-16 08:35:52.226+00
ALCX_USDT	0.01	ALCX_USDT	3	2	\N	2024-04-16 08:35:52.226+00	2024-04-16 08:35:52.226+00
ALGO_USDT	0.01	ALGO_USDT	5	2	\N	2024-04-16 08:35:52.226+00	2024-04-16 08:35:52.226+00
ALICE_USDT	0.01	ALICE_USDT	4	2	\N	2024-04-16 08:35:52.226+00	2024-04-16 08:35:52.226+00
ALPHA_USDT	0.01	ALPHA_USDT	5	2	\N	2024-04-16 08:35:52.226+00	2024-04-16 08:35:52.226+00
ALT_USDT	0.005	ALT_USDT	4	2	\N	2024-04-16 08:35:52.226+00	2024-04-16 08:35:52.226+00
AMB_USDT	0.005	AMB_USDT	6	1	\N	2024-04-16 08:35:52.226+00	2024-04-16 08:35:52.226+00
AMP_USDT	0.005	AMP_USDT	6	1	\N	2024-04-16 08:35:52.226+00	2024-04-16 08:35:52.226+00
ANKR_USDT	0.01	ANKR_USDT	5	2	\N	2024-04-16 08:35:52.226+00	2024-04-16 08:35:52.226+00
ANT_USDT	0.01	ANT_USDT	3	2	\N	2024-04-16 08:35:52.226+00	2024-04-16 08:35:52.226+00
APE_USDT	0.01	APE_USDT	4	2	\N	2024-04-16 08:35:52.226+00	2024-04-16 08:35:52.226+00
API3_USDT	0.005	API3_USDT	4	2	\N	2024-04-16 08:35:52.226+00	2024-04-16 08:35:52.226+00
APT_USDT	0.01	APT_USDT	3	2	\N	2024-04-16 08:35:52.226+00	2024-04-16 08:35:52.226+00
ARB_USDT	0.0023	ARB_USDT	4	2	\N	2024-04-16 08:35:52.226+00	2024-04-16 08:35:52.226+00
ARKM_USDT	0.01	ARKM_USDT	4	2	\N	2024-04-16 08:35:52.226+00	2024-04-16 08:35:52.226+00
ARK_USDT	0.01	ARK_USDT	4	2	\N	2024-04-16 08:35:52.226+00	2024-04-16 08:35:52.226+00
ARPA_USDT	0.01	ARPA_USDT	5	2	\N	2024-04-16 08:35:52.226+00	2024-04-16 08:35:52.226+00
AR_USDT	0.0045	AR_USDT	3	2	\N	2024-04-16 08:35:52.226+00	2024-04-16 08:35:52.226+00
ASTR_USDT	-0.0183	ASTR_USDT	5	2	\N	2024-04-16 08:35:52.226+00	2024-04-16 08:35:52.226+00
ATOM_USDT	-0.0673	ATOM_USDT	3	2	\N	2024-04-16 08:35:52.226+00	2024-04-16 08:35:52.226+00
AUCTION_USDT	0.01	AUCTION_USDT	3	2	\N	2024-04-16 08:35:52.226+00	2024-04-16 08:35:52.226+00
AUDIO_USDT	0.01	AUDIO_USDT	5	2	\N	2024-04-16 08:35:52.226+00	2024-04-16 08:35:52.226+00
AURORA_USDT	0.01	AURORA_USDT	5	2	\N	2024-04-16 08:35:52.226+00	2024-04-16 08:35:52.226+00
AVAX_USDT	0.0099	AVAX_USDT	2	4	\N	2024-04-16 08:35:52.226+00	2024-04-16 08:35:52.226+00
AXS_USDT	-0.0142	AXS_USDT	3	2	\N	2024-04-16 08:35:52.226+00	2024-04-16 08:35:52.226+00
BADGER_USDT	0.01	BADGER_USDT	3	2	\N	2024-04-16 08:35:52.226+00	2024-04-16 08:35:52.226+00
BAKE_USDT	0.01	BAKE_USDT	5	2	\N	2024-04-16 08:35:52.226+00	2024-04-16 08:35:52.226+00
BAL_USDT	0.01	BAL_USDT	3	2	\N	2024-04-16 08:35:52.226+00	2024-04-16 08:35:52.226+00
GF_USDT	0.005	GF_USDT	5	2	\N	2024-04-16 08:35:52.226+00	2024-04-16 08:35:52.226+00
SKL_USDT	0.01	SKL_USDT	5	2	\N	2024-04-16 08:35:52.226+00	2024-04-16 08:35:52.226+00
SLN_USDT	0.005	SLN_USDT	4	2	\N	2024-04-16 08:35:52.226+00	2024-04-16 08:35:52.226+00
SLP_USDT	0.01	SLP_USDT	6	1	\N	2024-04-16 08:35:52.226+00	2024-04-16 08:35:52.226+00
SNAP_USDT	0.005	SNAP_USDT	8	0	\N	2024-04-16 08:35:52.226+00	2024-04-16 08:35:52.226+00
SNX_USDT	0.01	SNX_USDT	3	2	\N	2024-04-16 08:35:52.226+00	2024-04-16 08:35:52.226+00
SOLS_USDT	0.097	SOLS_USDT	4	2	\N	2024-04-16 08:35:52.226+00	2024-04-16 08:35:52.226+00
SOL_USDT	0.0055	SOL_USDT	2	3	\N	2024-04-16 08:35:52.226+00	2024-04-16 08:35:52.226+00
SPA_USDT	0.005	SPA_USDT	6	1	\N	2024-04-16 08:35:52.226+00	2024-04-16 08:35:52.226+00
SPELL_USDT	0.01	SPELL_USDT	7	0	\N	2024-04-16 08:35:52.226+00	2024-04-16 08:35:52.226+00
STARHEROES_USDT	0.005	STARHEROES_USDT	5	2	\N	2024-04-16 08:35:52.226+00	2024-04-16 08:35:52.226+00
STARL_USDT	0.01	STARL_USDT	9	0	\N	2024-04-16 08:35:52.226+00	2024-04-16 08:35:52.226+00
STMX_USDT	0.005	STMX_USDT	6	1	\N	2024-04-16 08:35:52.226+00	2024-04-16 08:35:52.226+00
STPT_USDT	0.005	STPT_USDT	5	2	\N	2024-04-16 08:35:52.226+00	2024-04-16 08:35:52.226+00
STX_USDT	0.01	STX_USDT	4	2	\N	2024-04-16 08:35:52.226+00	2024-04-16 08:35:52.226+00
SUKU_USDT	0.005	SUKU_USDT	5	2	\N	2024-04-16 08:35:52.226+00	2024-04-16 08:35:52.226+00
SUN_USDT	0.01	SUN_USDT	6	1	\N	2024-04-16 08:35:52.226+00	2024-04-16 08:35:52.226+00
SUSHI_USDT	0.01	SUSHI_USDT	4	2	\N	2024-04-16 08:35:52.226+00	2024-04-16 08:35:52.226+00
SYN_USDT	0.01	SYN_USDT	4	2	\N	2024-04-16 08:35:52.226+00	2024-04-16 08:35:52.226+00
TAO_USDT	0.005	TAO_USDT	1	4	\N	2024-04-16 08:35:52.226+00	2024-04-16 08:35:52.226+00
TLM_USDT	0.01	TLM_USDT	6	1	\N	2024-04-16 08:35:52.226+00	2024-04-16 08:35:52.226+00
TNSR_USDT	0.005	TNSR_USDT	4	2	\N	2024-04-16 08:35:52.226+00	2024-04-16 08:35:52.226+00
TON_USDT	0.01	TON_USDT	3	2	\N	2024-04-16 08:35:52.226+00	2024-04-16 08:35:52.226+00
TRB_USDT	0.005	TRB_USDT	2	4	\N	2024-04-16 08:35:52.226+00	2024-04-16 08:35:52.226+00
TURBO_USDT	0.01	TURBO_USDT	8	0	\N	2024-04-16 08:35:52.226+00	2024-04-16 08:35:52.226+00
TWT_USDT	0.005	TWT_USDT	4	2	\N	2024-04-16 08:35:52.226+00	2024-04-16 08:35:52.226+00
UNFI_USDT	0.005	UNFI_USDT	3	2	\N	2024-04-16 08:35:52.226+00	2024-04-16 08:35:52.226+00
VANRY_USDT	0.005	VANRY_USDT	5	2	\N	2024-04-16 08:35:52.226+00	2024-04-16 08:35:52.226+00
VELODROME_USDT	0.005	VELODROME_USDT	5	2	\N	2024-04-16 08:35:52.226+00	2024-04-16 08:35:52.226+00
VELO_USDT	0.01	VELO_USDT	6	1	\N	2024-04-16 08:35:52.226+00	2024-04-16 08:35:52.226+00
VET_USDT	0.01	VET_USDT	5	2	\N	2024-04-16 08:35:52.226+00	2024-04-16 08:35:52.226+00
VGX_USDT	0.01	VGX_USDT	5	2	\N	2024-04-16 08:35:52.226+00	2024-04-16 08:35:52.226+00
VRA_USDT	0.01	VRA_USDT	6	1	\N	2024-04-16 08:35:52.226+00	2024-04-16 08:35:52.226+00
VTHO_USDT	0.005	VTHO_USDT	7	0	\N	2024-04-16 08:35:52.226+00	2024-04-16 08:35:52.226+00
WAXL_USDT	0.005	WAXL_USDT	4	2	\N	2024-04-16 08:35:52.226+00	2024-04-16 08:35:52.226+00
XVG_USDT	0.01	XVG_USDT	6	1	\N	2024-04-16 08:35:52.226+00	2024-04-16 08:35:52.226+00
XVS_USDT	0.01	XVS_USDT	3	2	\N	2024-04-16 08:35:52.226+00	2024-04-16 08:35:52.226+00
YFII_USDT	0.0507	YFII_USDT	1	4	\N	2024-04-16 08:35:52.226+00	2024-04-16 08:35:52.226+00
YFI_USDT	0.01	YFI_USDT	1	4	\N	2024-04-16 08:35:52.226+00	2024-04-16 08:35:52.226+00
YGG_USDT	0.005	YGG_USDT	4	2	\N	2024-04-16 08:35:52.226+00	2024-04-16 08:35:52.226+00
ZEC_USDT	0.01	ZEC_USDT	2	4	\N	2024-04-16 08:35:52.226+00	2024-04-16 08:35:52.226+00
ZEN_USDT	0.01	ZEN_USDT	3	2	\N	2024-04-16 08:35:52.226+00	2024-04-16 08:35:52.226+00
ZETA_USDT	0.005	ZETA_USDT	5	2	\N	2024-04-16 08:35:52.226+00	2024-04-16 08:35:52.226+00
ZEUS_USDT	0.005	ZEUS_USDT	4	2	\N	2024-04-16 08:35:52.226+00	2024-04-16 08:35:52.226+00
ZIL_USDT	0.01	ZIL_USDT	5	2	\N	2024-04-16 08:35:52.226+00	2024-04-16 08:35:52.226+00
ZKF_USDT	0.01	ZKF_USDT	6	1	\N	2024-04-16 08:35:52.226+00	2024-04-16 08:35:52.226+00
ZK_USDT	0.005	ZK_USDT	4	2	\N	2024-04-16 08:35:52.226+00	2024-04-16 08:35:52.226+00
ZRX_USDT	0.01	ZRX_USDT	4	2	\N	2024-04-16 08:35:52.226+00	2024-04-16 08:35:52.226+00
ZTX_USDT	-0.3916	ZTX_USDT	6	1	\N	2024-04-16 08:35:52.226+00	2024-04-16 08:35:52.226+00
\.


--
-- Data for Name: Scans; Type: TABLE DATA; Schema: public; Owner: postgres
--

COPY public."Scans" ("matchingPairId", "spotPrice", "futuresPrice", "valueDifference", "percentageDifference", "fundingRate", "quantoMultiplier", "leverageMin", "leverageMax", "maintenanceRate", "makerFeeRate", "takerFeeRate", "fundingNextApply", base, "minBaseAmount", "minQuoteAmount", "createdAt", "updatedAt") FROM stdin;
ACA_USDT	0.10385	0.102	-0.00185	-1.7814	0.01	1	1	5	0.1	-0.000152	0.00075	1714550400	ACA	0.01	3	2024-04-19 10:25:56.108+00	2024-05-01 05:58:31.963+00
AGLD_USDT	1.0453	1.0446	-0.0007	-0.067	0.01	1	1	20	0.025	-0.000152	0.00075	1714550400	AGLD	0.01	3	2024-04-19 10:25:56.108+00	2024-05-01 05:58:34.63+00
KARRAT_USDT	\N	\N	\N	-1	0.005	10	1	50	0.01	-0.000152	0.00075	1714550400	KARRAT	0.01	3	2024-04-23 11:01:23.278+00	2024-05-01 05:50:39.119+00
ETHFI_USDT	\N	\N	\N	-1	0.005	0.1	1	50	0.01	-0.000152	0.00075	1714550400	ETHFI	0.01	3	2024-04-19 10:25:56.108+00	2024-05-01 05:50:11.633+00
ALGO_USDT	0.17686	0.1767	-0.00016	-0.0905	0.01	10	1	20	0.025	-0.000152	0.00075	1714550400	ALGO	0.01	3	2024-04-19 10:25:56.108+00	2024-05-01 05:58:36.619+00
LINK_USDT	13.138	13.129	-0.009	-0.0685	0.003	1	1	50	0.01	-0.000152	0.00075	1714550400	LINK	0.01	3	2024-04-19 10:25:56.108+00	2024-05-01 05:50:43.337+00
CRO_USDT	0.13166	0.1314	-0.00026	-0.1975	0.01	1	1	20	0.025	-0.000152	0.00075	1714550400	CRO	0.01	3	2024-04-19 10:25:56.108+00	2024-05-01 05:59:21.459+00
CTSI_USDT	0.18633	0.1858	-0.00053	-0.2844	-0.0003	1	1	20	0.025	-0.000152	0.00075	1714550400	CTSI	0.01	3	2024-04-19 10:25:56.108+00	2024-05-01 05:50:47.954+00
ENJ_USDT	0.2879	0.2871	-0.0008	-0.2779	0.01	1	1	50	0.01	-0.000152	0.00075	1714550400	ENJ	0.01	3	2024-04-19 10:25:56.108+00	2024-05-01 05:59:30.82+00
FARM_USDT	\N	\N	\N	-1	-0.142	0.1	1	50	0.01	-0.000152	0.00075	1714550400	FARM	0.0001	3	2024-04-19 10:25:56.108+00	2024-05-01 05:50:48.839+00
ENS_USDT	14.638	14.618	-0.02	-0.1366	0.01	0.1	1	20	0.025	-0.000152	0.00075	1714550400	ENS	0.01	3	2024-04-19 10:25:56.108+00	2024-05-01 05:59:31.476+00
ESE_USDT	\N	\N	\N	-1	0.005	10	1	50	0.01	-0.000152	0.00075	1714550400	ESE	0.01	3	2024-04-19 10:25:56.108+00	2024-05-01 05:50:58.448+00
KAS_USDT	0.10739	0.10734	-5e-05	-0.0466	0.01	100	1	20	0.025	-0.000152	0.00075	1714550400	KAS	0.01	3	2024-04-19 10:25:56.108+00	2024-05-01 05:57:13.204+00
KDA_USDT	0.8355	0.8342	-0.0013	-0.1556	0.01	1	1	20	0.025	-0.000152	0.00075	1714550400	KDA	0.01	3	2024-04-19 10:25:56.108+00	2024-05-01 05:57:14.524+00
KLAY_USDT	0.17219	0.1717	-0.00049	-0.2846	0.01	1	1	20	0.025	-0.000152	0.00075	1714550400	KLAY	0.01	3	2024-04-19 10:25:56.108+00	2024-05-01 05:57:15.865+00
KNC_USDT	0.5553	0.5535	-0.0018	-0.3241	0.01	1	1	50	0.01	-0.000152	0.00075	1714550400	KNC	0.001	3	2024-04-19 10:25:56.108+00	2024-05-01 05:57:16.506+00
MPLX_USDT	\N	\N	\N	-1	0.005	10	1	50	0.01	-0.000152	0.00075	1714550400	MPLX	0.01	3	2024-04-19 10:25:56.108+00	2024-05-01 05:50:14.117+00
KSM_USDT	28.48	28.4	-0.08	-0.2809	0.01	0.1	1	20	0.025	-0.000152	0.00075	1714550400	KSM	0.001	3	2024-04-19 10:25:56.108+00	2024-05-01 05:57:17.15+00
LADYS_USDT	1.4845e-07	1.4812e-07	-3.3e-10	-0.2223	0.01	10000000	1	20	0.025	-0.000152	0.00075	1714550400	LADYS	1	3	2024-04-19 10:25:56.108+00	2024-05-01 05:57:17.849+00
EOS_USDT	0.7579	0.757	-0.0009	-0.1187	0.01	1	1	50	0.01	-0.000152	0.00075	1714550400	EOS	0.01	3	2024-04-19 10:25:56.108+00	2024-05-01 05:59:32.116+00
LAI_USDT	0.028133	0.02832	0.000187	0.6647	0.01	10	1	5	0.1	-0.000152	0.00075	1714550400	LAI	0.1	3	2024-04-19 10:25:56.108+00	2024-05-01 05:57:18.499+00
ETC_USDT	25.271	25.247	-0.024	-0.095	0.01	0.1	1	75	0.0067	-0.000152	0.00075	1714550400	ETC	0.0001	3	2024-04-19 10:25:56.108+00	2024-05-01 05:59:32.771+00
AKT_USDT	\N	\N	\N	-1	0.005	1	1	50	0.01	-0.000152	0.00075	1714550400	AKT	0.01	3	2024-04-23 11:01:23.278+00	2024-05-01 05:50:26.173+00
LDO_USDT	1.902	1.9	-0.002	-0.1052	0.01	1	1	20	0.025	-0.000152	0.00075	1714550400	LDO	0.01	3	2024-04-19 10:25:56.108+00	2024-05-01 05:57:19.145+00
LINA_USDT	0.007444	0.00743	-1.4e-05	-0.1881	0.01	10	1	20	0.025	-0.000152	0.00075	1714550400	LINA	0.1	3	2024-04-19 10:25:56.108+00	2024-05-01 05:57:19.787+00
LIT_USDT	0.9827	0.9792	-0.0035	-0.3562	0.01	1	1	20	0.025	-0.000152	0.00075	1714550400	LIT	0.01	3	2024-04-19 10:25:56.108+00	2024-05-01 05:57:20.429+00
1INCH_USDT	0.3924	0.3916	-0.0008	-0.2039	0.01	1	1	20	0.025	-0.000152	0.00075	1714550400	1INCH	0.01	3	2024-04-19 10:25:56.108+00	2024-05-01 05:58:30.677+00
LTC_USDT	82.95	82.88	-0.07	-0.0844	0.0052	0.1	1	50	0.01	-0.000152	0.00075	1714550400	LTC	0.003	3	2024-04-19 10:25:56.108+00	2024-05-01 05:50:38.652+00
NFP_USDT	\N	\N	\N	-1	0.005	1	1	50	0.01	-0.000152	0.00075	1714550400	NFP	0.01	3	2024-04-19 10:25:56.108+00	2024-05-01 05:50:07.705+00
MSN_USDT	\N	\N	\N	-1	0.005	1	1	50	0.01	-0.000152	0.00075	1714550400	MSN	0.01	3	2024-04-30 00:00:04.05+00	2024-05-01 05:50:42.329+00
PBUX_USDT	\N	\N	\N	-1	-0.1093	10	1	50	0.01	-0.000152	0.00075	1714550400	PBUX	0.01	3	2024-04-24 18:28:30.173+00	2024-05-01 05:50:43.049+00
AAVE_USDT	83.48	83.42	-0.06	-0.0719	0.01	0.01	1	20	0.025	-0.000152	0.00075	1714550400	AAVE	0.001	3	2024-04-19 10:25:56.108+00	2024-05-01 05:58:31.324+00
FITFI_USDT	0.006399	0.006413	1.4e-05	0.2188	0.0357	1	1	50	0.01	-0.000152	0.00075	1714550400	FITFI	0.1	3	2024-04-19 10:25:56.108+00	2024-05-01 05:59:20.141+00
ETH_USDT	2994.19	2993.3	-0.89	-0.0297	0.01	0.01	1	100	0.005	-0.00013	0.00075	1714550400	ETH	0.001	3	2024-04-19 10:25:56.108+00	2024-05-01 05:59:33.415+00
FIL_USDT	5.601	5.598	-0.003	-0.0536	0.01	0.01	1	20	0.025	-0.000152	0.00075	1714550400	FIL	0.01	3	2024-04-19 10:25:56.108+00	2024-05-01 05:59:34.737+00
FLOW_USDT	0.8394	0.837	-0.0024	-0.2859	0.01	0.1	1	20	0.025	-0.000152	0.00075	1714550400	FLOW	0.01	3	2024-04-19 10:25:56.108+00	2024-05-01 05:59:35.439+00
FLUX_USDT	0.845	0.8438	-0.0012	-0.142	0.01	1	1	10	0.05	-0.000152	0.00075	1714550400	FLUX	0.01	3	2024-04-19 10:25:56.108+00	2024-05-01 05:59:36.739+00
FLOKI_USDT	0.00015515	0.00015497	-1.8e-07	-0.116	0.0048	10000	1	20	0.025	-0.000152	0.00075	1714550400	FLOKI	1	3	2024-04-19 10:25:56.108+00	2024-05-01 05:50:07.849+00
FORT_USDT	\N	\N	\N	-1	-0.2585	10	1	50	0.01	-0.000152	0.00075	1714550400	FORT	0.01	3	2024-04-19 10:25:56.108+00	2024-05-01 05:50:09.183+00
LPT_USDT	\N	\N	\N	-1	0.005	0.1	1	20	0.025	-0.000152	0.00075	1714550400	LPT	0.01	3	2024-04-19 10:25:56.108+00	2024-05-01 05:50:13.518+00
FLIP_USDT	\N	\N	\N	-1	0.005	1	1	3	0.1667	-0.000152	0.00075	1714550400	FLIP	0.01	3	2024-04-19 10:25:56.108+00	2024-05-01 05:50:52.908+00
FOXY_USDT	\N	\N	\N	-1	0.005	100	1	50	0.01	-0.000152	0.00075	1714550400	FOXY	0.01	3	2024-04-19 10:25:56.108+00	2024-05-01 05:50:21.781+00
FIS_USDT	\N	\N	\N	-1	0.005	1	1	50	0.01	-0.000152	0.00075	1714550400	FIS	0.01	3	2024-04-19 10:25:56.108+00	2024-05-01 05:50:54.497+00
FLM_USDT	\N	\N	\N	-1	0.005	10	1	20	0.025	-0.000152	0.00075	1714550400	FLM	0.01	3	2024-04-19 10:25:56.108+00	2024-05-01 05:50:22.667+00
FLT_USDT	\N	\N	\N	-1	0.005	1	1	50	0.01	-0.000152	0.00075	1714550400	FLT	0.01	3	2024-04-19 10:25:56.108+00	2024-05-01 05:50:27.325+00
MPL_USDT	\N	\N	\N	-1	0.005	0.01	1	50	0.01	-0.000152	0.00075	1714550400	MPL	0.01	3	2024-04-19 10:25:56.108+00	2024-05-01 05:50:29.933+00
FTM_USDT	0.6551	0.6546	-0.0005	-0.0763	0.01	1	1	50	0.01	-0.000152	0.00075	1714550400	FTM	0.01	3	2024-04-19 10:25:56.108+00	2024-05-01 05:56:54.654+00
LOKA_USDT	0.2374	0.2366	-0.0008	-0.337	0.01	1	1	5	0.1	-0.000152	0.00075	1714550400	LOKA	0.01	3	2024-04-19 10:25:56.108+00	2024-05-01 05:57:21.071+00
LOOKS_USDT	0.08561	0.0853	-0.00031	-0.3621	0.01	1	1	50	0.01	-0.000152	0.00075	1714550400	LOOKS	0.01	3	2024-04-19 10:25:56.108+00	2024-05-01 05:57:21.718+00
MAV_USDT	0.3629	0.3618	-0.0011	-0.3031	0.01	10	1	20	0.025	-0.000152	0.00075	1714550400	MAV	0.01	3	2024-04-19 10:25:56.108+00	2024-05-01 05:57:26.328+00
FIO_USDT	\N	\N	\N	-1	0.005	10	1	50	0.01	-0.000152	0.00075	1714550400	FIO	0.01	3	2024-04-19 10:25:56.108+00	2024-05-01 05:51:00.904+00
NEO_USDT	16.93	16.876	-0.054	-0.319	-0.009	1	1	20	0.025	-0.000152	0.00075	1714550400	NEO	0.0001	3	2024-04-19 10:25:56.108+00	2024-05-01 05:50:31.696+00
MBL_USDT	0.004116	0.004095	-2.1e-05	-0.5102	0.01	100	1	20	0.025	-0.000152	0.00075	1714550400	MBL	0.1	3	2024-04-19 10:25:56.108+00	2024-05-01 05:57:26.974+00
LQTY_USDT	1.0021	0.9994	-0.0027	-0.2694	0.0057	1	1	20	0.025	-0.000152	0.00075	1714550400	LQTY	0.01	3	2024-04-19 10:25:56.108+00	2024-05-01 05:50:36.346+00
MOBILE_USDT	\N	\N	\N	-1	0.005	1000	1	50	0.01	-0.000152	0.00075	1714550400	MOBILE	0.1	3	2024-04-19 10:25:56.108+00	2024-05-01 05:50:02.336+00
HIFI_USDT	\N	\N	\N	-1	0.005	1	1	20	0.025	-0.000152	0.00075	1714550400	HIFI	0.01	3	2024-04-19 10:25:56.108+00	2024-05-01 05:50:37.643+00
AKRO_USDT	0.006964	0.006944	-2e-05	-0.2872	0.01	100	1	20	0.025	-0.000152	0.00075	1714550400	AKRO	0.1	3	2024-04-19 10:25:56.108+00	2024-05-01 05:58:35.305+00
AI_USDT	\N	\N	\N	-1	0.005	1	1	50	0.01	-0.000152	0.00075	1714550400	AI	0.01	3	2024-04-19 10:25:56.108+00	2024-05-01 05:50:47.811+00
YGG_USDT	\N	\N	\N	-1	0.005	1	1	20	0.025	-0.000152	0.00075	1714550400	YGG	0.01	3	2024-04-19 10:25:56.108+00	2024-05-01 05:50:48.407+00
AURORA_USDT	0.2339	0.23367	-0.00023	-0.0983	0.01	10	1	3	0.1667	-0.000152	0.00075	1714550400	AURORA	0.01	3	2024-04-19 10:25:56.108+00	2024-05-01 05:58:45.19+00
GFT_USDT	0.016598	0.01656	-3.8e-05	-0.2289	0.01	10	1	20	0.025	-0.000152	0.00075	1714550400	GFT	0.1	3	2024-04-19 10:25:56.108+00	2024-05-01 05:56:58.029+00
GROK_USDT	0.010708	0.010713	5e-06	0.0467	0.01	100	1	5	0.1	-0.000152	0.00075	1714550400	GROK	0.1	3	2024-04-19 10:25:56.108+00	2024-05-01 05:57:01.374+00
GRT_USDT	0.23312	0.23297	-0.00015	-0.0643	0.01	10	1	50	0.01	-0.000152	0.00075	1714550400	GRT	0.01	3	2024-04-19 10:25:56.108+00	2024-05-01 05:57:02.055+00
GT_USDT	7.564	7.508	-0.056	-0.7403	0.01	0.1	1	5	0.1	-0.000152	0.00075	1714550400	GT	0.01	3	2024-04-19 10:25:56.108+00	2024-05-01 05:57:02.719+00
MERL_USDT	\N	\N	\N	-1	0.005	1	1	50	0.01	-0.000152	0.00075	1714550400	MERL	0.01	3	2024-04-19 11:27:19.787+00	2024-05-01 05:50:51.609+00
HFT_USDT	0.2731	0.2723	-0.0008	-0.2929	0.01	1	1	20	0.025	-0.000152	0.00075	1714550400	HFT	0.01	3	2024-04-19 10:25:56.108+00	2024-05-01 05:57:04.005+00
CTK_USDT	0.6375	0.6369	-0.0006	-0.0941	0.01	1	1	20	0.025	-0.000152	0.00075	1714550400	CTK	0.01	3	2024-04-19 10:25:56.108+00	2024-05-01 05:59:23.432+00
MPC_USDT	0.2876	0.2879	0.0003	0.1043	0.005	1	1	50	0.01	-0.000152	0.00075	1714550400	MPC	0.01	3	2024-04-19 10:25:56.108+00	2024-05-01 05:50:55.504+00
HOOK_USDT	0.8245	0.8236	-0.0009	-0.1092	0.01	1	1	20	0.025	-0.000152	0.00075	1714550400	HOOK	0.01	3	2024-04-19 10:25:56.108+00	2024-05-01 05:57:05.957+00
MBOX_USDT	0.3249	0.324	-0.0009	-0.277	0.01	0.1	1	20	0.025	-0.000152	0.00075	1714550400	MBOX	0.01	3	2024-04-19 10:25:56.108+00	2024-05-01 05:57:27.629+00
GPT_USDT	\N	\N	\N	-1	0.005	10	1	50	0.01	-0.000152	0.00075	1714550400	GPT	0.01	3	2024-04-19 10:25:56.108+00	2024-05-01 05:50:06.088+00
MDT_USDT	0.06677	0.06668	-9e-05	-0.1348	0.01	10	1	20	0.025	-0.000152	0.00075	1714550400	MDT	0.01	3	2024-04-19 10:25:56.108+00	2024-05-01 05:57:28.281+00
MEW_USDT	\N	\N	\N	-1	0.005	1000	1	50	0.01	-0.000152	0.00075	1714550400	MEW	0.1	3	2024-04-19 10:25:56.108+00	2024-05-01 05:50:17.028+00
MEME_USDT	0.02383	0.02381	-2e-05	-0.0839	0.01	10	1	50	0.01	-0.000152	0.00075	1714550400	MEME	0.1	3	2024-04-19 10:25:56.108+00	2024-05-01 05:57:28.924+00
METIS_USDT	58.351	58.26	-0.091	-0.156	0.01	0.01	1	50	0.01	-0.000152	0.00075	1714550400	METIS	0.01	3	2024-04-19 10:25:56.108+00	2024-05-01 05:57:29.576+00
GTAI_USDT	\N	\N	\N	-1	0.005	1	1	20	0.025	-0.000152	0.00075	1714550400	GTAI	0.01	3	2024-04-19 10:25:56.108+00	2024-05-01 05:50:26.892+00
MNT_USDT	\N	\N	\N	-1	0.005	1	1	50	0.01	-0.000152	0.00075	1714550400	MNT	0.01	3	2024-04-19 10:25:56.108+00	2024-05-01 05:50:27.18+00
MINA_USDT	0.7867	0.7842	-0.0025	-0.3178	0.01	0.1	1	20	0.025	-0.000152	0.00075	1714550400	MINA	0.01	3	2024-04-19 10:25:56.108+00	2024-05-01 05:57:30.355+00
MKR_USDT	2671.78	2670.6	-1.18	-0.0442	0.01	0.001	1	20	0.025	-0.000152	0.00075	1714550400	MKR	0.000001	3	2024-04-19 10:25:56.108+00	2024-05-01 05:57:30.998+00
MOVEZ_USDT	0.0005313	0.0005287	-2.6e-06	-0.4894	0.01	1000	1	3	0.1667	-0.000152	0.00075	1714550400	MOVEZ	1	3	2024-04-19 10:25:56.108+00	2024-05-01 05:57:31.679+00
MOVR_USDT	11.922	11.908	-0.014	-0.1174	0.01	0.01	1	20	0.025	-0.000152	0.00075	1714550400	MOVR	0.01	3	2024-04-19 10:25:56.108+00	2024-05-01 05:57:32.332+00
AIOZ_USDT	\N	\N	\N	-1	0.005	10	1	50	0.01	-0.000152	0.00075	1714550400	AIOZ	0.01	3	2024-04-19 10:25:56.108+00	2024-05-01 05:50:34.614+00
ID_USDT	0.7516	0.7506	-0.001	-0.133	0.0095	1	1	20	0.025	-0.000152	0.00075	1714550400	ID	0.01	3	2024-04-19 10:25:56.108+00	2024-05-01 05:50:35.337+00
SWEAT_USDT	0.008363	0.008335	-2.8e-05	-0.3348	0.01	100	1	20	0.025	-0.000152	0.00075	1714550400	SWEAT	0.1	3	2024-04-19 10:25:56.108+00	2024-05-01 05:58:04.298+00
IQ50_USDT	\N	\N	\N	-1	0.005	10000	1	50	0.01	-0.000152	0.00075	1714550400	IQ50	1	3	2024-04-19 10:25:56.108+00	2024-05-01 05:50:47.38+00
SXP_USDT	0.3258	0.3251	-0.0007	-0.2149	0.01	1	1	20	0.025	-0.000152	0.00075	1714550400	SXP	0.01	3	2024-04-19 10:25:56.108+00	2024-05-01 05:58:04.991+00
ALCX_USDT	23.324	23.24	-0.084	-0.3601	0.01	0.01	1	5	0.1	-0.000152	0.00075	1714550400	ALCX	0.01	3	2024-04-19 10:25:56.108+00	2024-05-01 05:58:35.946+00
JUP_USDT	\N	\N	\N	-1	0.005	1	1	50	0.01	-0.000152	0.00075	1714550400	JUP	0.01	3	2024-04-19 10:25:56.108+00	2024-05-01 05:50:54.065+00
ILV_USDT	\N	\N	\N	-1	0.005	0.01	1	50	0.01	-0.000152	0.00075	1714550400	ILV	0.001	3	2024-04-19 10:25:56.108+00	2024-05-01 05:50:55.217+00
ALICE_USDT	1.1989	1.197	-0.0019	-0.1585	0.01	0.1	1	20	0.025	-0.000152	0.00075	1714550400	ALICE	0.01	3	2024-04-19 10:25:56.108+00	2024-05-01 05:58:37.26+00
ALPHA_USDT	0.10357	0.1035	-7e-05	-0.0676	0.01	1	1	20	0.025	-0.000152	0.00075	1714550400	ALPHA	0.01	3	2024-04-19 10:25:56.108+00	2024-05-01 05:58:37.901+00
IDEX_USDT	\N	\N	\N	-1	0.005	10	1	50	0.01	-0.000152	0.00075	1714550400	IDEX	0.01	3	2024-04-19 10:25:56.108+00	2024-05-01 05:50:15.289+00
IQ_USDT	\N	\N	\N	-1	0.005	10	1	50	0.01	-0.000152	0.00075	1714550400	IQ	0.01	3	2024-04-19 10:25:56.108+00	2024-05-01 05:50:56.53+00
DEGO_USDT	2.0352	2.046	0.0108	0.5307	0.01	0.1	1	10	0.05	-0.000152	0.00075	1714550400	DEGO	0.01	3	2024-04-19 10:25:56.108+00	2024-05-01 05:59:26.108+00
JTO_USDT	\N	\N	\N	-1	0.005	1	1	50	0.01	-0.000152	0.00075	1714550400	JTO	0.01	3	2024-04-19 10:25:56.108+00	2024-05-01 05:50:16.451+00
HOT_USDT	0.0022948	0.002285	-9.8e-06	-0.4271	0.01	1000	1	20	0.025	-0.000152	0.00075	1714550400	HOT	1	3	2024-04-19 10:25:56.108+00	2024-05-01 05:57:06.616+00
ICE_USDT	0.004467	0.00442	-4.7e-05	-1.0522	0.01	10	1	10	0.05	-0.000152	0.00075	1714550400	ICE	0.1	3	2024-04-19 10:25:56.108+00	2024-05-01 05:57:07.259+00
ICP_USDT	12.892	12.87	-0.022	-0.1706	0.01	0.001	1	20	0.025	-0.000152	0.00075	1714550400	ICP	0.01	3	2024-04-19 10:25:56.108+00	2024-05-01 05:57:07.974+00
IOTX_USDT	0.05273	0.05255	-0.00018	-0.3414	0.01	10	1	20	0.025	-0.000152	0.00075	1714550400	IOTX	0.01	3	2024-04-19 10:25:56.108+00	2024-05-01 05:57:10.592+00
JASMY_USDT	0.016539	0.016529	-1e-05	-0.0605	0.01	1	1	20	0.025	-0.000152	0.00075	1714550400	JASMY	0.1	3	2024-04-19 10:25:56.108+00	2024-05-01 05:57:11.236+00
JOE_USDT	0.4795	0.4791	-0.0004	-0.0834	0.01	1	1	20	0.025	-0.000152	0.00075	1714550400	JOE	0.01	3	2024-04-19 10:25:56.108+00	2024-05-01 05:57:11.879+00
JST_USDT	0.03189	0.03183	-6e-05	-0.1881	0.01	100	1	50	0.01	-0.000152	0.00075	1714550400	JST	0.01	3	2024-04-19 10:25:56.108+00	2024-05-01 05:57:12.554+00
KAVA_USDT	0.6391	0.6379	-0.0012	-0.1878	0.01	1	1	20	0.025	-0.000152	0.00075	1714550400	KAVA	0.01	3	2024-04-19 10:25:56.108+00	2024-05-01 05:57:13.846+00
MTL_USDT	1.5826	1.576	-0.0066	-0.417	0.01	0.1	1	20	0.025	-0.000152	0.00075	1714550400	MTL	0.01	3	2024-04-19 10:25:56.108+00	2024-05-01 05:57:32.984+00
IMX_USDT	\N	\N	\N	-1	0.005	1	1	20	0.025	-0.000152	0.00075	1714550400	IMX	0.01	3	2024-04-19 10:25:56.108+00	2024-05-01 05:50:19.766+00
MYRIA_USDT	0.006141	0.006125	-1.6e-05	-0.2605	0.01	100	1	20	0.025	-0.000152	0.00075	1714550400	MYRIA	0.1	3	2024-04-19 10:25:56.108+00	2024-05-01 05:57:34.321+00
NEAR_USDT	6.107	6.102	-0.005	-0.0819	0.01	1	1	50	0.01	-0.000152	0.00075	1714550400	NEAR	0.01	3	2024-04-19 10:25:56.108+00	2024-05-01 05:57:34.978+00
MYRO_USDT	0.1485	0.14848	-2e-05	-0.0135	0.005	10	1	50	0.01	-0.000152	0.00075	1714550400	MYRO	0.01	3	2024-04-19 10:25:56.108+00	2024-05-01 05:50:29.213+00
SAFE_USDT	\N	\N	\N	-1	0.005	1	1	50	0.01	-0.000152	0.00075	1714550400	SAFE	0.01	3	2024-04-23 11:01:23.278+00	2024-05-01 05:50:31.549+00
ANKR_USDT	0.04591	0.04584	-7e-05	-0.1525	0.01	10	1	20	0.025	-0.000152	0.00075	1714550400	ANKR	0.01	3	2024-04-19 10:25:56.108+00	2024-05-01 05:58:38.559+00
ZKF_USDT	0.002687	0.002677	-1e-05	-0.3722	0.01	100	1	20	0.025	-0.000152	0.00075	1714550400	ZKF	0.1	3	2024-04-19 10:25:56.108+00	2024-05-01 05:59:02.699+00
DMAIL_USDT	\N	\N	\N	-1	0.005	1	1	50	0.01	-0.000152	0.00075	1714550400	DMAIL	0.01	3	2024-04-19 10:25:56.108+00	2024-05-01 05:50:37.5+00
DOT_USDT	6.542	6.534	-0.008	-0.1223	-0.019	1	1	50	0.01	-0.000152	0.00075	1714550400	DOT	0.01	3	2024-04-19 10:25:56.108+00	2024-05-01 05:50:07.561+00
CVX_USDT	2.386	2.372	-0.014	-0.5868	0.01	0.1	1	20	0.025	-0.000152	0.00075	1714550400	CVX	0.01	3	2024-04-19 10:25:56.108+00	2024-05-01 05:59:24.077+00
ELA_USDT	\N	\N	\N	-1	0.005	1	1	50	0.01	-0.000152	0.00075	1714550400	ELA	0.01	3	2024-04-19 10:25:56.108+00	2024-05-01 05:50:39.552+00
DAR_USDT	0.13581	0.1354	-0.00041	-0.3019	0.01	1	1	20	0.025	-0.000152	0.00075	1714550400	DAR	0.01	3	2024-04-19 10:25:56.108+00	2024-05-01 05:59:24.757+00
DASH_USDT	28.06	27.99	-0.07	-0.2495	0.01	0.01	1	50	0.01	-0.000152	0.00075	1714550400	DASH	0.0001	3	2024-04-19 10:25:56.108+00	2024-05-01 05:59:25.429+00
DENT_USDT	0.0012174	0.0012133	-4.1e-06	-0.3368	0.01	1000	1	20	0.025	-0.000152	0.00075	1714550400	DENT	1	3	2024-04-19 10:25:56.108+00	2024-05-01 05:59:26.791+00
AMB_USDT	\N	\N	\N	-1	0.005	100	1	20	0.025	-0.000152	0.00075	1714550400	AMB	0.1	3	2024-04-19 10:25:56.108+00	2024-05-01 05:50:10.624+00
DYDX_USDT	2.032	2.028	-0.004	-0.1969	-0.0203	0.1	1	20	0.025	-0.000152	0.00075	1714550400	DYDX	0.01	3	2024-04-19 10:25:56.108+00	2024-05-01 05:50:44.056+00
DGB_USDT	0.010569	0.01043	-0.000139	-1.3152	0.01	10	1	20	0.025	-0.000152	0.00075	1714550400	DGB	0.1	3	2024-04-19 10:25:56.108+00	2024-05-01 05:59:27.458+00
DUSK_USDT	0.29996	0.29908	-0.00088	-0.2934	0.01	10	1	20	0.025	-0.000152	0.00075	1714550400	DUSK	0.01	3	2024-04-19 10:25:56.108+00	2024-05-01 05:59:28.801+00
EDU_USDT	0.5111	0.5101	-0.001	-0.1957	0.01	1	1	20	0.025	-0.000152	0.00075	1714550400	EDU	0.01	3	2024-04-19 10:25:56.108+00	2024-05-01 05:59:29.453+00
CVC_USDT	0.16788	0.16677	-0.00111	-0.6612	-0.6664	10	1	20	0.025	-0.000152	0.00075	1714550400	CVC	0.01	3	2024-04-19 10:25:56.108+00	2024-05-01 05:50:16.739+00
EGLD_USDT	37.76	37.75	-0.01	-0.0265	0.01	0.1	1	20	0.025	-0.000152	0.00075	1714550400	EGLD	0.0001	3	2024-04-19 10:25:56.108+00	2024-05-01 05:59:30.153+00
ALT_USDT	\N	\N	\N	-1	0.005	1	1	20	0.025	-0.000152	0.00075	1714550400	ALT	0.01	3	2024-04-19 10:25:56.108+00	2024-05-01 05:50:20.054+00
DYM_USDT	\N	\N	\N	-1	-0.0007	1	1	50	0.01	-0.000152	0.00075	1714550400	DYM	0.01	3	2024-04-19 10:25:56.108+00	2024-05-01 05:50:20.198+00
AMP_USDT	\N	\N	\N	-1	0.005	1000	1	10	0.05	-0.000152	0.00075	1714550400	AMP	0.1	3	2024-04-19 10:25:56.108+00	2024-05-01 05:50:22.069+00
CYBER_USDT	\N	\N	\N	-1	-0.0123	0.1	1	20	0.025	-0.000152	0.00075	1714550400	CYBER	0.001	3	2024-04-19 10:25:56.108+00	2024-05-01 05:50:24.128+00
NIBI_USDT	\N	\N	\N	-1	0.005	10	1	50	0.01	-0.000152	0.00075	1714550400	NIBI	0.01	3	2024-04-19 10:25:56.108+00	2024-05-01 05:50:49.28+00
FUN_USDT	0.005147	0.005119	-2.8e-05	-0.544	0.01	100	1	20	0.025	-0.000152	0.00075	1714550400	FUN	0.1	3	2024-04-19 10:25:56.108+00	2024-05-01 05:56:55.988+00
ENA_USDT	\N	\N	\N	-1	0.005	10	1	50	0.01	-0.000152	0.00075	1714550400	ENA	0.01	3	2024-04-19 10:25:56.108+00	2024-05-01 05:50:30.232+00
DOGE_USDT	0.141844	0.1418	-4.4e-05	-0.031	-0.0016	10	1	50	0.01	-0.000152	0.00075	1714550400	DOGE	0.01	3	2024-04-19 10:25:56.108+00	2024-05-01 05:50:32.597+00
DEGEN_USDT	\N	\N	\N	-1	0.005	100	1	50	0.01	-0.000152	0.00075	1714550400	DEGEN	0.01	3	2024-04-19 10:25:56.108+00	2024-05-01 05:50:56.823+00
DODO_USDT	\N	\N	\N	-1	0.005	10	1	20	0.025	-0.000152	0.00075	1714550400	DODO	0.01	3	2024-04-19 10:25:56.108+00	2024-05-01 05:50:57.563+00
CTC_USDT	\N	\N	\N	-1	0.005	1	1	50	0.01	-0.000152	0.00075	1714550400	CTC	0.01	3	2024-04-19 10:25:56.108+00	2024-05-01 05:50:27.756+00
BLZ_USDT	\N	\N	\N	-1	0.005	10	1	20	0.025	-0.000152	0.00075	1714550400	BLZ	0.01	3	2024-04-19 10:25:56.108+00	2024-05-01 05:50:42.042+00
BNB_USDT	570.2	569.9	-0.3	-0.0526	0.01	0.001	1	50	0.01	-0.000152	0.00075	1714550400	BNB	0.0001	3	2024-04-19 10:25:56.108+00	2024-05-01 05:58:11.624+00
BNX_USDT	0.96	0.9579	-0.0021	-0.2187	0.01	1	1	20	0.025	-0.000152	0.00075	1714550400	BNX	0.01	3	2024-04-19 10:25:56.108+00	2024-05-01 05:58:12.907+00
MASA_USDT	\N	\N	\N	-1	0.005	10	1	50	0.01	-0.000152	0.00075	1714550400	MASA	0.01	3	2024-04-19 10:25:56.108+00	2024-05-01 05:50:44.776+00
C98_USDT	0.26353	0.2631	-0.00043	-0.1632	0.01	1	1	20	0.025	-0.000152	0.00075	1714550400	C98	0.01	3	2024-04-19 10:25:56.108+00	2024-05-01 05:58:16.797+00
MANTA_USDT	1.7608	1.7585	-0.0023	-0.1306	-0.0002	1	1	20	0.025	-0.000152	0.00075	1714550400	MANTA	0.01	3	2024-04-19 10:25:56.108+00	2024-05-01 05:50:34.758+00
ICX_USDT	0.2155	0.2149	-0.0006	-0.2784	0.01	1	1	50	0.01	-0.000152	0.00075	1714550400	ICX	0.01	3	2024-04-19 10:25:56.108+00	2024-05-01 05:57:08.649+00
CLV_USDT	\N	\N	\N	-1	0.005	1	1	50	0.01	-0.000152	0.00075	1714550400	CLV	0.01	3	2024-04-19 10:25:56.108+00	2024-05-01 05:50:49.424+00
CAKE_USDT	2.523	2.519	-0.004	-0.1585	0.01	0.1	1	20	0.025	-0.000152	0.00075	1714550400	CAKE	0.01	3	2024-04-19 10:25:56.108+00	2024-05-01 05:58:17.438+00
CELO_USDT	0.7468	0.7456	-0.0012	-0.1607	0.01	1	1	20	0.025	-0.000152	0.00075	1714550400	CELO	0.01	3	2024-04-19 10:25:56.108+00	2024-05-01 05:58:18.079+00
CELR_USDT	0.02403	0.02396	-7e-05	-0.2913	0.01	10	1	20	0.025	-0.000152	0.00075	1714550400	CELR	0.1	3	2024-04-19 10:25:56.108+00	2024-05-01 05:58:18.726+00
CEL_USDT	0.1439	0.1424	-0.0015	-1.0424	0.01	1	1	20	0.025	-0.000152	0.00075	1714550400	CEL	0.01	3	2024-04-19 10:25:56.108+00	2024-05-01 05:58:19.368+00
API3_USDT	\N	\N	\N	-1	0.005	1	1	20	0.025	-0.000152	0.00075	1714550400	API3	0.01	3	2024-04-19 10:25:56.108+00	2024-05-01 05:50:53.052+00
CETUS_USDT	0.09612	0.09538	-0.00074	-0.7699	0.01	10	1	20	0.025	-0.000152	0.00075	1714550400	CETUS	0.01	3	2024-04-19 10:25:56.108+00	2024-05-01 05:58:20.007+00
APE_USDT	1.1681	1.166	-0.0021	-0.1798	0.01	1	1	50	0.01	-0.000152	0.00075	1714550400	APE	0.01	3	2024-04-19 10:25:56.108+00	2024-05-01 05:58:39.945+00
APT_USDT	8.539	8.537	-0.002	-0.0234	0.01	0.1	1	50	0.01	-0.000152	0.00075	1714550400	APT	0.01	3	2024-04-19 10:25:56.108+00	2024-05-01 05:58:41.261+00
CHZ_USDT	0.11071	0.11058	-0.00013	-0.1174	0.01	100	1	50	0.01	-0.000152	0.00075	1714550400	CHZ	0.01	3	2024-04-19 10:25:56.108+00	2024-05-01 05:59:04.677+00
CKB_USDT	0.016061	0.016039	-2.2e-05	-0.137	0.01	100	1	50	0.01	-0.000152	0.00075	1714550400	CKB	0.1	3	2024-04-19 10:25:56.108+00	2024-05-01 05:59:05.383+00
CORE_USDT	1.8631	1.8614	-0.0017	-0.0912	0.01	1	1	20	0.025	-0.000152	0.00075	1714550400	CORE	0.01	3	2024-04-19 10:25:56.108+00	2024-05-01 05:59:06.689+00
COTI_USDT	0.10564	0.1054	-0.00024	-0.2272	0.01	1	1	20	0.025	-0.000152	0.00075	1714550400	COTI	0.01	3	2024-04-19 10:25:56.108+00	2024-05-01 05:59:20.802+00
CRV_USDT	0.411	0.41	-0.001	-0.2433	0.01	0.1	1	20	0.025	-0.000152	0.00075	1714550400	CRV	0.01	3	2024-04-19 10:25:56.108+00	2024-05-01 05:59:22.105+00
BLUR_USDT	0.4153	0.4152	-0.0001	-0.0241	-0.0728	1	1	20	0.025	-0.000152	0.00075	1714550400	BLUR	0.01	3	2024-04-19 10:25:56.108+00	2024-05-01 05:50:09.327+00
CSPR_USDT	0.02925	0.02923	-2e-05	-0.0684	0.01	10	1	50	0.01	-0.000152	0.00075	1714550400	CSPR	0.1	3	2024-04-19 10:25:56.108+00	2024-05-01 05:59:22.758+00
BOBA_USDT	\N	\N	\N	-1	0.005	1	1	20	0.025	-0.000152	0.00075	1714550400	BOBA	0.01	3	2024-04-19 10:25:56.108+00	2024-05-01 05:50:24.417+00
ETHW_USDT	3.6255	3.612	-0.0135	-0.3724	0.0056	0.1	1	20	0.025	-0.000152	0.00075	1714550400	ETHW	0.01	3	2024-04-19 10:25:56.108+00	2024-05-01 05:50:26.317+00
BOME_USDT	\N	\N	\N	-1	0.005	1000	1	50	0.01	-0.000152	0.00075	1714550400	BOME	0.1	3	2024-04-19 10:25:56.108+00	2024-05-01 05:50:27.469+00
RNDR_USDT	7.199	7.195	-0.004	-0.0556	0.01	1	1	20	0.025	-0.000152	0.00075	1714550400	RNDR	0.01	3	2024-04-19 10:25:56.108+00	2024-05-01 05:57:55.671+00
WLD_USDT	4.471	4.468	-0.003	-0.0671	0.01	1	1	20	0.025	-0.000152	0.00075	1714550400	WLD	0.001	3	2024-04-19 10:25:56.108+00	2024-05-01 05:58:22.836+00
ACH_USDT	0.0288	0.02876	-4e-05	-0.1389	0.01	11	1	20	0.025	-0.000152	0.00075	1714550400	ACH	0.01	3	2024-04-19 10:25:56.108+00	2024-05-01 05:58:32.675+00
SUSHI_USDT	0.9724	0.9706	-0.0018	-0.1851	0.01	1	1	50	0.01	-0.000152	0.00075	1714550400	SUSHI	0.01	3	2024-04-19 10:25:56.108+00	2024-05-01 05:58:52.67+00
TLM_USDT	0.014996	0.01497	-2.6e-05	-0.1734	0.01	1	1	20	0.025	-0.000152	0.00075	1714550400	TLM	0.1	3	2024-04-19 10:25:56.108+00	2024-05-01 05:58:53.947+00
XAI_USDT	\N	\N	\N	-1	0.005	1	1	50	0.01	-0.000152	0.00075	1714550400	XAI	0.01	3	2024-04-19 10:25:56.108+00	2024-05-01 05:50:41.609+00
VET_USDT	0.03557	0.03551	-6e-05	-0.1687	0.01	100	1	20	0.025	-0.000152	0.00075	1714550400	VET	0.01	3	2024-04-19 10:25:56.108+00	2024-05-01 05:58:56.658+00
VGX_USDT	0.0706	0.0706	0	0	0.01	1	1	20	0.025	-0.000152	0.00075	1714550400	VGX	0.01	3	2024-04-19 10:25:56.108+00	2024-05-01 05:58:57.326+00
XVG_USDT	0.004701	0.004695	-6e-06	-0.1276	0.01	100	1	20	0.025	-0.000152	0.00075	1714550400	XVG	0.1	3	2024-04-19 10:25:56.108+00	2024-05-01 05:58:58.611+00
XVS_USDT	9.532	9.51	-0.022	-0.2308	0.01	0.01	1	20	0.025	-0.000152	0.00075	1714550400	XVS	0.01	3	2024-04-19 10:25:56.108+00	2024-05-01 05:58:59.285+00
YFI_USDT	6740.5	6723.6	-16.9	-0.2507	0.01	0.0001	1	20	0.025	-0.000152	0.00075	1714550400	YFI	0.0001	3	2024-04-19 10:25:56.108+00	2024-05-01 05:58:59.966+00
ZEC_USDT	21.34	21.35	0.01	0.0469	0.01	0.01	1	50	0.01	-0.000152	0.00075	1714550400	ZEC	0.0001	3	2024-04-19 10:25:56.108+00	2024-05-01 05:59:00.652+00
ZEN_USDT	8.251	8.23	-0.021	-0.2545	0.01	0.1	1	20	0.025	-0.000152	0.00075	1714550400	ZEN	0.01	3	2024-04-19 10:25:56.108+00	2024-05-01 05:59:01.352+00
YFII_USDT	463.7	465.5	1.8	0.3882	0.0467	0.001	1	20	0.025	-0.000152	0.00075	1714550400	YFII	0.0001	3	2024-04-19 10:25:56.108+00	2024-05-01 05:59:19.476+00
DHX_USDT	0.045	0.0439	-0.0011	-2.4444	0.01	1	1	3	0.1667	-0.000152	0.00075	1714550400	DHX	0.01	3	2024-04-19 10:25:56.108+00	2024-05-01 05:59:28.122+00
FLR_USDT	0.028864	0.028746	-0.000118	-0.4088	0.01	100	1	20	0.025	-0.000152	0.00075	1714550400	FLR	0.1	3	2024-04-19 10:25:56.108+00	2024-05-01 05:59:36.095+00
RIF_USDT	\N	\N	\N	-1	0.005	10	1	50	0.01	-0.000152	0.00075	1714550400	RIF	0.01	3	2024-04-19 10:25:56.108+00	2024-05-01 05:50:46.073+00
ZEUS_USDT	\N	\N	\N	-1	0.005	10	1	50	0.01	-0.000152	0.00075	1714550400	ZEUS	0.01	3	2024-04-19 10:25:56.108+00	2024-05-01 05:50:17.894+00
WAVES_USDT	2.564	2.559	-0.005	-0.195	0.01	1	1	20	0.025	-0.000152	0.00075	1714550400	WAVES	0.001	3	2024-04-19 10:25:56.108+00	2024-05-01 05:50:50.887+00
MASK_USDT	3.086	3.084	-0.002	-0.0648	0.01	0.1	1	20	0.025	-0.000152	0.00075	1714550400	MASK	0.01	3	2024-04-19 10:25:56.108+00	2024-05-01 05:57:25.013+00
ZETA_USDT	\N	\N	\N	-1	0.005	1	1	50	0.01	-0.000152	0.00075	1714550400	ZETA	0.01	3	2024-04-19 10:25:56.108+00	2024-05-01 05:50:21.061+00
FET_USDT	2.1581	2.1561	-0.002	-0.0927	-0.0227	1	1	20	0.025	-0.000152	0.00075	1714550400	FET	0.01	3	2024-04-19 10:25:56.108+00	2024-05-01 05:50:55.793+00
NTRN_USDT	0.6952	0.6921	-0.0031	-0.4459	0.01	10	1	20	0.025	-0.000152	0.00075	1714550400	NTRN	0.01	3	2024-04-19 10:25:56.108+00	2024-05-01 05:57:36.311+00
WAXL_USDT	\N	\N	\N	-1	0.005	1	1	50	0.01	-0.000152	0.00075	1714550400	WAXL	0.01	3	2024-04-19 10:25:56.108+00	2024-05-01 05:50:29.061+00
SUPER_USDT	\N	\N	\N	-1	0.005	1	1	50	0.01	-0.000152	0.00075	1714550400	SUPER	0.01	3	2024-04-19 10:25:56.108+00	2024-05-01 05:50:31.405+00
VOXEL_USDT	\N	\N	\N	-1	0.005	10	1	10	0.05	-0.000152	0.00075	1714550400	VOXEL	0.01	3	2024-04-19 10:25:56.108+00	2024-05-01 05:50:33.029+00
MAVIA_USDT	\N	\N	\N	-1	0.005	1	1	50	0.01	-0.000152	0.00075	1714550400	MAVIA	0.01	3	2024-04-19 10:25:56.108+00	2024-05-01 05:50:35.481+00
BAND_USDT	1.4321	1.428	-0.0041	-0.2863	0.01	0.1	1	20	0.025	-0.000152	0.00075	1714550400	BAND	0.01	3	2024-04-19 10:25:56.108+00	2024-05-01 05:58:08.308+00
ARB_USDT	1.0202	1.0193	-0.0009	-0.0882	0.0036	1	1	50	0.01	-0.000152	0.00075	1714550400	ARB	0.01	3	2024-04-19 10:25:56.108+00	2024-05-01 05:50:50.307+00
GFI_USDT	\N	\N	\N	-1	0.005	1	1	50	0.01	-0.000152	0.00075	1714550400	GFI	0.01	3	2024-04-19 10:25:56.108+00	2024-05-01 05:50:54.641+00
BAT_USDT	0.2367	0.236	-0.0007	-0.2957	0.01	10	1	50	0.01	-0.000152	0.00075	1714550400	BAT	0.01	3	2024-04-19 10:25:56.108+00	2024-05-01 05:58:08.948+00
GAL_USDT	3.4893	3.483	-0.0063	-0.1806	0.01	0.1	1	50	0.01	-0.000152	0.00075	1714550400	GAL	0.01	3	2024-04-19 10:25:56.108+00	2024-05-01 05:56:56.647+00
BICO_USDT	0.4303	0.429	-0.0013	-0.3021	0.01	0.1	1	20	0.025	-0.000152	0.00075	1714550400	BICO	0.01	3	2024-04-19 10:25:56.108+00	2024-05-01 05:58:10.303+00
GAS_USDT	\N	\N	\N	-1	0.005	1	1	50	0.01	-0.000152	0.00075	1714550400	GAS	0.0001	3	2024-04-19 10:25:56.108+00	2024-05-01 05:50:35.625+00
BIGTIME_USDT	0.16392	0.1638	-0.00012	-0.0732	0.01	100	1	20	0.025	-0.000152	0.00075	1714550400	BIGTIME	0.01	3	2024-04-19 10:25:56.108+00	2024-05-01 05:58:10.948+00
ARKM_USDT	1.8432	1.84	-0.0032	-0.1736	0.01	1	1	20	0.025	-0.000152	0.00075	1714550400	ARKM	0.01	3	2024-04-19 10:25:56.108+00	2024-05-01 05:58:41.945+00
ARPA_USDT	0.06337	0.06328	-9e-05	-0.142	0.01	10	1	20	0.025	-0.000152	0.00075	1714550400	ARPA	0.01	3	2024-04-19 10:25:56.108+00	2024-05-01 05:58:43.23+00
AUCTION_USDT	15.459	15.434	-0.025	-0.1617	0.01	0.1	1	20	0.025	-0.000152	0.00075	1714550400	AUCTION	0.01	3	2024-04-19 10:25:56.108+00	2024-05-01 05:58:43.896+00
INJ_USDT	23.252	23.21	-0.042	-0.1806	0.009	0.1	1	20	0.025	-0.000152	0.00075	1714550400	INJ	0.01	3	2024-04-19 10:25:56.108+00	2024-05-01 05:50:03.924+00
BEAMX_USDT	\N	\N	\N	-1	0.005	100	1	50	0.01	-0.000152	0.00075	1714550400	BEAMX	0.1	3	2024-04-19 10:25:56.108+00	2024-05-01 05:50:04.356+00
AUDIO_USDT	0.16712	0.1666	-0.00052	-0.3112	0.01	1	1	20	0.025	-0.000152	0.00075	1714550400	AUDIO	0.01	3	2024-04-19 10:25:56.108+00	2024-05-01 05:58:44.547+00
BADGER_USDT	4.007	4.003	-0.004	-0.0998	0.01	0.1	1	20	0.025	-0.000152	0.00075	1714550400	BADGER	0.01	3	2024-04-19 10:25:56.108+00	2024-05-01 05:58:45.872+00
BENQI_USDT	\N	\N	\N	-1	0.005	100	1	10	0.05	-0.000152	0.00075	1714550400	BENQI	0.1	3	2024-04-19 10:25:56.108+00	2024-05-01 05:50:11.49+00
BAKE_USDT	0.22681	0.2263	-0.00051	-0.2249	0.01	0.1	1	20	0.025	-0.000152	0.00075	1714550400	BAKE	0.01	3	2024-04-19 10:25:56.108+00	2024-05-01 05:58:46.514+00
BAL_USDT	3.498	3.489	-0.009	-0.2573	0.01	0.1	1	20	0.025	-0.000152	0.00075	1714550400	BAL	0.01	3	2024-04-19 10:25:56.108+00	2024-05-01 05:58:47.16+00
ZIL_USDT	0.02265	0.02264	-1e-05	-0.0442	0.01	10	1	20	0.025	-0.000152	0.00075	1714550400	ZIL	0.01	3	2024-04-19 10:25:56.108+00	2024-05-01 05:59:02.04+00
BBL_USDT	\N	\N	\N	-1	0.005	10	1	50	0.01	-0.000152	0.00075	1714550400	BBL	0.01	3	2024-04-19 10:25:56.108+00	2024-05-01 05:50:18.758+00
AR_USDT	29.535	29.495	-0.04	-0.1354	0.0069	0.1	1	50	0.01	-0.000152	0.00075	1714550400	AR	0.01	3	2024-04-19 10:25:56.108+00	2024-05-01 05:50:19.335+00
BCH_USDT	478.23	477.9	-0.33	-0.069	0.0081	0.01	1	75	0.0067	-0.000152	0.00075	1714550400	BCH	0.0001	3	2024-04-19 10:25:56.108+00	2024-05-01 05:50:21.205+00
ATOM_USDT	8.206	8.197	-0.009	-0.1097	-0.0643	1	1	50	0.01	-0.000152	0.00075	1714550400	ATOM	0.01	3	2024-04-19 10:25:56.108+00	2024-05-01 05:50:23.836+00
GALA_USDT	0.04461	0.04458	-3e-05	-0.0672	0.0063	10	1	50	0.01	-0.000152	0.00075	1714550400	GALA	0.01	3	2024-04-19 10:25:56.108+00	2024-05-01 05:50:25.141+00
BCUT_USDT	0.11246	0.1123	-0.00016	-0.1423	0.005	1	1	50	0.01	-0.000152	0.00075	1714550400	BCUT	0.01	3	2024-04-19 10:25:56.108+00	2024-05-01 05:50:27.612+00
BLOCK_USDT	\N	\N	\N	-1	0.005	10	1	50	0.01	-0.000152	0.00075	1714550400	BLOCK	0.01	3	2024-04-19 10:25:56.108+00	2024-05-01 05:50:27.9+00
AVAX_USDT	32.51	32.48	-0.03	-0.0923	0.0094	1	1	50	0.01	-0.000152	0.00075	1714550400	AVAX	0.0001	3	2024-04-19 10:25:56.108+00	2024-05-01 05:50:28.045+00
FORTH_USDT	4.009	4.003	-0.006	-0.1497	0.01	1	1	20	0.025	-0.000152	0.00075	1714550400	FORTH	0.01	3	2024-04-19 10:25:56.108+00	2024-05-01 05:59:37.392+00
GLM_USDT	0.4925	0.4919	-0.0006	-0.1218	-0.0334	10	1	20	0.025	-0.000152	0.00075	1714550400	GLM	0.01	3	2024-04-19 10:25:56.108+00	2024-05-01 05:50:24.849+00
BNT_USDT	0.6625	0.661	-0.0015	-0.2264	0.01	1	1	20	0.025	-0.000152	0.00075	1714550400	BNT	0.01	3	2024-04-19 10:25:56.108+00	2024-05-01 05:58:12.264+00
BOND_USDT	2.663	2.659	-0.004	-0.1502	0.01	1	1	20	0.025	-0.000152	0.00075	1714550400	BOND	0.001	3	2024-04-19 10:25:56.108+00	2024-05-01 05:58:13.547+00
BONK_USDT	2.2997e-05	2.297e-05	-2.7e-08	-0.1174	0.01	1000000	1	20	0.025	-0.000152	0.00075	1714550400	BONK	1	3	2024-04-19 10:25:56.108+00	2024-05-01 05:58:14.21+00
BSW_USDT	0.07682	0.0767	-0.00012	-0.1562	0.01	1	1	20	0.025	-0.000152	0.00075	1714550400	BSW	0.01	3	2024-04-19 10:25:56.108+00	2024-05-01 05:58:14.853+00
BTC_USDT	60030	60015.5	-14.5	-0.0242	0.01	0.0001	1	125	0.004	-0.00013	0.00075	1714550400	BTC	0.00001	3	2024-04-19 10:25:56.108+00	2024-05-01 05:58:15.496+00
BTT_USDT	1.1838e-06	1.1769e-06	-6.9e-09	-0.5829	0.01	1000000	1	20	0.025	-0.000152	0.00075	1714550400	BTT	1	3	2024-04-19 10:25:56.108+00	2024-05-01 05:58:16.159+00
1CAT_USDT	0.004222	0.004217	-5e-06	-0.1184	0.01	100	1	20	0.025	-0.000152	0.00075	1714550400	1CAT	0.1	3	2024-04-19 10:25:56.108+00	2024-05-01 05:58:30.024+00
GLMR_USDT	0.279	0.278	-0.001	-0.3584	0.01	0.1	1	20	0.025	-0.000152	0.00075	1714550400	GLMR	0.01	3	2024-04-19 10:25:56.108+00	2024-05-01 05:56:58.686+00
GMT_USDT	0.2103	0.2101	-0.0002	-0.0951	0.01	1	1	50	0.01	-0.000152	0.00075	1714550400	GMT	0.01	3	2024-04-19 10:25:56.108+00	2024-05-01 05:56:59.33+00
GMX_USDT	25.07	24.99	-0.08	-0.3191	0.01	0.01	1	20	0.025	-0.000152	0.00075	1714550400	GMX	0.001	3	2024-04-19 10:25:56.108+00	2024-05-01 05:56:59.974+00
AEVO_USDT	\N	\N	\N	-1	-0.0285	1	1	50	0.01	-0.000152	0.00075	1714550400	AEVO	0.01	3	2024-04-19 10:25:56.108+00	2024-05-01 05:50:55.648+00
ADA_USDT	0.4425	0.4423	-0.0002	-0.0452	0.01	10	1	50	0.01	-0.000152	0.00075	1714550400	ADA	0.01	3	2024-04-19 10:25:56.108+00	2024-05-01 05:58:33.322+00
NMR_USDT	\N	\N	\N	-1	0.005	0.1	1	20	0.025	-0.000152	0.00075	1714550400	NMR	0.01	3	2024-04-19 10:25:56.108+00	2024-05-01 05:50:03.056+00
ACE_USDT	\N	\N	\N	-1	0.005	0.1	1	50	0.01	-0.000152	0.00075	1714550400	ACE	0.01	3	2024-04-19 10:25:56.108+00	2024-05-01 05:50:05.798+00
AGIX_USDT	0.8056	0.805	-0.0006	-0.0745	0.01	10	1	20	0.025	-0.000152	0.00075	1714550400	AGIX	0.01	3	2024-04-19 10:25:56.108+00	2024-05-01 05:58:33.969+00
GF_USDT	\N	\N	\N	-1	0.005	1	1	50	0.01	-0.000152	0.00075	1714262400	GF	0.01	3	2024-04-19 10:25:56.108+00	2024-04-28 08:00:09.173+00
GNS_USDT	3.171	3.146	-0.025	-0.7884	0.01	1	1	20	0.025	-0.000152	0.00075	1714550400	GNS	0.01	3	2024-04-19 10:25:56.108+00	2024-05-01 05:57:00.707+00
IOST_USDT	0.008825	0.0088	-2.5e-05	-0.2833	0.01	10	1	20	0.025	-0.000152	0.00075	1714550400	IOST	0.1	3	2024-04-19 10:25:56.108+00	2024-05-01 05:57:09.29+00
IOTA_USDT	0.21172	0.2113	-0.00042	-0.1984	0.01	1	1	50	0.01	-0.000152	0.00075	1714550400	IOTA	0.01	3	2024-04-19 10:25:56.108+00	2024-05-01 05:57:09.94+00
ARK_USDT	0.7215	0.7205	-0.001	-0.1386	0.01	1	1	20	0.025	-0.000152	0.00075	1714550400	ARK	0.01	3	2024-04-19 10:25:56.108+00	2024-05-01 05:58:42.591+00
BRAWL_USDT	\N	\N	\N	-1	0.005	1000	1	50	0.01	-0.000152	0.00075	1714550400	BRAWL	1	3	2024-04-19 10:25:56.108+00	2024-05-01 05:50:12.785+00
BSV_USDT	65.42	65.35	-0.07	-0.107	0.01	0.01	1	50	0.01	-0.000152	0.00075	1714550400	BSV	0.0001	3	2024-04-19 10:25:56.108+00	2024-05-01 05:50:14.405+00
AERO_USDT	\N	\N	\N	-1	0.005	1	1	50	0.01	-0.000152	0.00075	1714550400	AERO	0.01	3	2024-04-19 10:25:56.108+00	2024-05-01 05:50:14.838+00
ACS_USDT	\N	\N	\N	-1	0.005	100	1	50	0.01	-0.000152	0.00075	1714550400	ACS	1	3	2024-04-19 10:25:56.108+00	2024-05-01 05:50:16.307+00
BONE_USDT	\N	\N	\N	-1	0.005	1	1	50	0.01	-0.000152	0.00075	1714550400	BONE	0.01	3	2024-04-19 10:25:56.108+00	2024-05-01 05:50:22.5+00
OM_USDT	\N	\N	\N	-1	0.005	1	1	50	0.01	-0.000152	0.00075	1714550400	OM	0.01	3	2024-04-19 10:25:56.108+00	2024-05-01 05:50:37.931+00
HIGH_USDT	3.3149	3.309	-0.0059	-0.178	0.01	1	1	20	0.025	-0.000152	0.00075	1714550400	HIGH	0.01	3	2024-04-19 10:25:56.108+00	2024-05-01 05:57:04.657+00
OAX_USDT	0.20069	0.19876	-0.00193	-0.9617	0.01	10	1	5	0.1	-0.000152	0.00075	1714550400	OAX	0.01	3	2024-04-19 10:25:56.108+00	2024-05-01 05:57:36.955+00
OCEAN_USDT	0.8279	0.8271	-0.0008	-0.0966	0.01	1	1	20	0.025	-0.000152	0.00075	1714550400	OCEAN	0.01	3	2024-04-19 10:25:56.108+00	2024-05-01 05:57:37.631+00
HNT_USDT	5.288	5.286	-0.002	-0.0378	0.01	0.1	1	20	0.025	-0.000152	0.00075	1714550400	HNT	0.01	3	2024-04-19 10:25:56.108+00	2024-05-01 05:57:05.313+00
AGI_USDT	\N	\N	\N	-1	0.005	1	1	50	0.01	-0.000152	0.00075	1714550400	AGI	0.01	3	2024-04-19 10:25:56.108+00	2024-05-01 05:50:44.344+00
OP_USDT	2.5513	2.5492	-0.0021	-0.0823	0.0066	1	1	50	0.01	-0.000152	0.00075	1714550400	OP	0.01	3	2024-04-19 10:25:56.108+00	2024-05-01 05:50:48.263+00
OMNI_USDT	\N	\N	\N	-1	0.005	0.1	1	50	0.01	-0.000152	0.00075	1714550400	OMNI	0.0001	3	2024-04-19 10:25:56.108+00	2024-05-01 05:50:48.551+00
OGN_USDT	0.138	0.1377	-0.0003	-0.2174	0.01	1	1	20	0.025	-0.000152	0.00075	1714550400	OGN	0.01	3	2024-04-19 10:25:56.108+00	2024-05-01 05:57:38.314+00
OG_USDT	4.322	4.32	-0.002	-0.0463	0.01	0.1	1	20	0.025	-0.000152	0.00075	1714550400	OG	0.01	3	2024-04-19 10:25:56.108+00	2024-05-01 05:57:38.956+00
OKB_USDT	50.34	50.38	0.04	0.0795	0.01	0.1	1	5	0.1	-0.000152	0.00075	1714550400	OKB	0.001	3	2024-04-19 10:25:56.108+00	2024-05-01 05:57:39.668+00
OMG_USDT	0.604	0.6036	-0.0004	-0.0662	0.01	1	1	20	0.025	-0.000152	0.00075	1714550400	OMG	0.01	3	2024-04-19 10:25:56.108+00	2024-05-01 05:57:40.383+00
PHB_USDT	1.5308	1.5267	-0.0041	-0.2678	0.01	1	1	20	0.025	-0.000152	0.00075	1714550400	PHB	0.01	3	2024-04-19 10:25:56.108+00	2024-05-01 05:57:44.998+00
REN_USDT	0.05718	0.05709	-9e-05	-0.1574	0.01	10	1	20	0.025	-0.000152	0.00075	1714550400	REN	0.01	3	2024-04-19 10:25:56.108+00	2024-05-01 05:57:53.667+00
REQ_USDT	0.11778	0.1166	-0.00118	-1.0019	0.01	1	1	20	0.025	-0.000152	0.00075	1714550400	REQ	0.01	3	2024-04-19 10:25:56.108+00	2024-05-01 05:57:54.362+00
ORBS_USDT	\N	\N	\N	-1	0.005	10	1	50	0.01	-0.000152	0.00075	1714550400	ORBS	0.01	3	2024-04-19 10:25:56.108+00	2024-05-01 05:50:02.192+00
ONDO_USDT	\N	\N	\N	-1	0.005	1	1	20	0.025	-0.000152	0.00075	1714550400	ONDO	0.01	3	2024-04-19 10:25:56.108+00	2024-05-01 05:50:53.921+00
LOOM_USDT	\N	\N	\N	-1	0.005	10	1	20	0.025	-0.000152	0.00075	1714550400	LOOM	0.01	3	2024-04-19 10:25:56.108+00	2024-05-01 05:50:12.065+00
POND_USDT	\N	\N	\N	-1	0.005	10	1	10	0.05	-0.000152	0.00075	1714550400	POND	0.1	3	2024-04-19 10:25:56.108+00	2024-05-01 05:51:00.616+00
REI_USDT	\N	\N	\N	-1	0.005	10	1	50	0.01	-0.000152	0.00075	1714550400	REI	0.01	3	2024-04-19 10:25:56.108+00	2024-05-01 05:50:13.374+00
POLYX_USDT	0.3408	0.3401	-0.0007	-0.2054	-0.0125	10	1	20	0.025	-0.000152	0.00075	1714550400	POLYX	0.01	3	2024-04-19 10:25:56.108+00	2024-05-01 05:50:15.864+00
ANT_USDT	7.606	7.582	-0.024	-0.3155	0.01	0.1	1	20	0.025	-0.000152	0.00075	1714550400	ANT	0.01	3	2024-04-19 10:25:56.108+00	2024-05-01 05:58:39.208+00
POGAI_USDT	6.749e-05	6.816e-05	6.7e-07	0.9927	0.1444	10000	1	3	0.1667	-0.000152	0.00075	1714550400	POGAI	1	3	2024-04-19 10:25:56.108+00	2024-05-01 05:59:17.365+00
CREAM_USDT	41.456	40.85	-0.606	-1.4618	-0.0477	0.01	1	10	0.05	-0.000152	0.00075	1714550400	CREAM	0.01	3	2024-04-19 10:25:56.108+00	2024-05-01 05:50:26.46+00
ONT_USDT	0.3841	0.3834	-0.0007	-0.1822	-0.0219	1	1	20	0.025	-0.000152	0.00075	1714550400	ONT	0.01	3	2024-04-19 10:25:56.108+00	2024-05-01 05:50:29.357+00
PIXEL_USDT	\N	\N	\N	-1	0.005	1	1	50	0.01	-0.000152	0.00075	1714550400	PIXEL	0.01	3	2024-04-19 10:25:56.108+00	2024-05-01 05:50:29.789+00
NULS_USDT	\N	\N	\N	-1	-0.0049	1	1	50	0.01	-0.000152	0.00075	1714550400	NULS	0.01	3	2024-04-19 10:25:56.108+00	2024-05-01 05:50:35.19+00
ONG_USDT	0.5523	0.5512	-0.0011	-0.1992	0.01	10	1	20	0.025	-0.000152	0.00075	1714550400	ONG	0.01	3	2024-04-19 10:25:56.108+00	2024-05-01 05:57:41.736+00
PYTH_USDT	0.5992	0.5983	-0.0009	-0.1502	-0.0096	10	1	50	0.01	-0.000152	0.00075	1714550400	PYTH	0.01	3	2024-04-19 10:25:56.108+00	2024-05-01 05:50:41.752+00
POWR_USDT	0.2819	0.2814	-0.0005	-0.1774	0.01	10	1	50	0.01	-0.000152	0.00075	1714550400	POWR	0.01	3	2024-04-19 10:25:56.108+00	2024-05-01 05:57:45.702+00
PRQ_USDT	0.1255	0.12426	-0.00124	-0.988	0.01	10	1	10	0.05	-0.000152	0.00075	1714550400	PRQ	0.01	3	2024-04-19 10:25:56.108+00	2024-05-01 05:57:47.028+00
PYR_USDT	4.13	4.037	-0.093	-2.2518	0.01	9.6	1	5	0.1	-0.000152	0.00075	1714550400	PYR	0.01	3	2024-04-19 10:25:56.108+00	2024-05-01 05:57:47.674+00
ROSE_USDT	0.0883	0.08823	-7e-05	-0.0793	0.01	100	1	20	0.025	-0.000152	0.00075	1714550400	ROSE	0.01	3	2024-04-19 10:25:56.108+00	2024-05-01 05:57:56.311+00
RPL_USDT	19.03	18.99	-0.04	-0.2102	0.01	0.01	1	20	0.025	-0.000152	0.00075	1714550400	RPL	0.0001	3	2024-04-19 10:25:56.108+00	2024-05-01 05:57:56.966+00
CFX_USDT	0.21456	0.2142	-0.00036	-0.1678	0.0076	10	1	50	0.01	-0.000152	0.00075	1714550400	CFX	0.01	3	2024-04-19 10:25:56.108+00	2024-05-01 05:50:43.625+00
PRCL_USDT	0.54107	0.5409	-0.00017	-0.0314	0.005	10	1	50	0.01	-0.000152	0.00075	1714550400	PRCL	0.01	3	2024-04-19 10:25:56.108+00	2024-05-01 05:50:44.488+00
RSR_USDT	0.005399	0.005388	-1.1e-05	-0.2037	0.01	100	1	20	0.025	-0.000152	0.00075	1714550400	RSR	0.1	3	2024-04-19 10:25:56.108+00	2024-05-01 05:57:57.652+00
RON_USDT	\N	\N	\N	-1	0.005	1	1	50	0.01	-0.000152	0.00075	1714550400	RON	0.01	3	2024-04-19 10:25:56.108+00	2024-05-01 05:50:04.932+00
SUKU_USDT	\N	\N	\N	-1	0.005	10	1	50	0.01	-0.000152	0.00075	1714550400	SUKU	0.01	3	2024-04-19 10:25:56.108+00	2024-05-01 05:50:07.129+00
ROOT_USDT	0.052174	0.05191	-0.000264	-0.506	0.005	100	1	50	0.01	-0.000152	0.00075	1714550400	ROOT	0.1	3	2024-04-19 10:25:56.108+00	2024-05-01 05:50:09.616+00
PORTAL_USDT	\N	\N	\N	-1	0.005	1	1	50	0.01	-0.000152	0.00075	1714550400	PORTAL	0.01	3	2024-04-19 10:25:56.108+00	2024-05-01 05:50:44.92+00
GHST_USDT	\N	\N	\N	-1	0.005	1	1	50	0.01	-0.000152	0.00075	1714550400	GHST	0.01	3	2024-04-19 10:25:56.108+00	2024-05-01 05:50:45.785+00
PRIME_USDT	\N	\N	\N	-1	0.005	0.1	1	50	0.01	-0.000152	0.00075	1714550400	PRIME	0.001	3	2024-04-19 10:25:56.108+00	2024-05-01 05:50:48.695+00
XRD_USDT	0.0456	0.04556	-4e-05	-0.0877	0.01	10	1	20	0.025	-0.000152	0.00075	1714550400	XRD	0.01	3	2024-04-19 10:25:56.108+00	2024-05-01 05:58:28.712+00
FIDA_USDT	0.2835	0.2835	0	0	0.01	1	1	10	0.05	-0.000152	0.00075	1714550400	FIDA	0.01	3	2024-04-19 10:25:56.108+00	2024-05-01 05:59:34.093+00
RSS3_USDT	0.36818	0.3663	-0.00188	-0.5106	0.005	10	1	50	0.01	-0.000152	0.00075	1714550400	RSS3	0.01	3	2024-04-19 10:25:56.108+00	2024-05-01 05:51:01.479+00
GARI_USDT	0.0203	0.01989	-0.00041	-2.0197	0.01	10	1	3	0.1667	-0.000152	0.00075	1714550400	GARI	0.01	3	2024-04-19 10:25:56.108+00	2024-05-01 05:56:57.347+00
LUNA_USDT	0.5502	0.5497	-0.0005	-0.0909	0.01	1	1	20	0.025	-0.000152	0.00075	1714550400	LUNA	0.01	3	2024-04-19 10:25:56.108+00	2024-05-01 05:57:23.011+00
MAGIC_USDT	0.7117	0.7105	-0.0012	-0.1686	0.01	1	1	20	0.025	-0.000152	0.00075	1714550400	MAGIC	0.01	3	2024-04-19 10:25:56.108+00	2024-05-01 05:57:23.722+00
QNT_USDT	99.49	99.31	-0.18	-0.1809	0.01	0.01	1	20	0.025	-0.000152	0.00075	1714550400	QNT	0.001	3	2024-04-19 10:25:56.108+00	2024-05-01 05:57:48.317+00
MANA_USDT	0.4182	0.4178	-0.0004	-0.0956	0.01	0.1	1	20	0.025	-0.000152	0.00075	1714550400	MANA	0.01	3	2024-04-19 10:25:56.108+00	2024-05-01 05:57:24.372+00
QTUM_USDT	3.548	3.539	-0.009	-0.2537	0.01	1	1	20	0.025	-0.000152	0.00075	1714550400	QTUM	0.01	3	2024-04-19 10:25:56.108+00	2024-05-01 05:57:48.961+00
RACA_USDT	0.00021254	0.0002126	6e-08	0.0282	0.01	100	1	20	0.025	-0.000152	0.00075	1714550400	RACA	1	3	2024-04-19 10:25:56.108+00	2024-05-01 05:57:49.616+00
RAD_USDT	1.6062	1.603	-0.0032	-0.1992	0.01	0.1	1	20	0.025	-0.000152	0.00075	1714550400	RAD	0.01	3	2024-04-19 10:25:56.108+00	2024-05-01 05:57:50.327+00
RARE_USDT	0.10487	0.10397	-0.0009	-0.8582	0.01	10	1	20	0.025	-0.000152	0.00075	1714550400	RARE	0.01	3	2024-04-19 10:25:56.108+00	2024-05-01 05:57:51.002+00
RATS_USDT	0.00011229	0.00011226	-3e-08	-0.0267	0.01	10000	1	50	0.01	-0.000152	0.00075	1714550400	RATS	1	3	2024-04-19 10:25:56.108+00	2024-05-01 05:57:51.684+00
RDNT_USDT	0.1794	0.179	-0.0004	-0.223	0.01	1	1	20	0.025	-0.000152	0.00075	1714550400	RDNT	0.01	3	2024-04-19 10:25:56.108+00	2024-05-01 05:57:52.35+00
REEF_USDT	0.0019296	0.001924	-5.6e-06	-0.2902	0.01	100	1	20	0.025	-0.000152	0.00075	1714550400	REEF	1	3	2024-04-19 10:25:56.108+00	2024-05-01 05:57:52.993+00
RLC_USDT	2.4785	2.4696	-0.0089	-0.3591	0.01	1	1	50	0.01	-0.000152	0.00075	1714550400	RLC	0.001	3	2024-04-19 10:25:56.108+00	2024-05-01 05:57:55.005+00
RVN_USDT	0.028107	0.02806	-4.7e-05	-0.1672	0.01	10	1	50	0.01	-0.000152	0.00075	1714550400	RVN	0.1	3	2024-04-19 10:25:56.108+00	2024-05-01 05:57:58.352+00
STX_USDT	2.0231	2.0196	-0.0035	-0.173	0.01	1	1	20	0.025	-0.000152	0.00075	1714550400	STX	0.01	3	2024-04-19 10:25:56.108+00	2024-05-01 05:58:51.263+00
RAY_USDT	\N	\N	\N	-1	0.005	0.1	1	50	0.01	-0.000152	0.00075	1714550400	RAY	0.01	3	2024-04-19 10:25:56.108+00	2024-05-01 05:50:06.376+00
LUNC_USDT	9.98e-05	9.974e-05	-6e-08	-0.0601	-0.0051	10000	1	20	0.025	-0.000152	0.00075	1714550400	LUNC	1	3	2024-04-19 10:25:56.108+00	2024-05-01 05:50:09.472+00
STRK_USDT	\N	\N	\N	-1	0.005	1	1	50	0.01	-0.000152	0.00075	1714550400	STRK	0.01	3	2024-04-19 10:25:56.108+00	2024-05-01 05:50:22.212+00
RUNE_USDT	4.836	4.827	-0.009	-0.1861	0.0071	0.1	1	20	0.025	-0.000152	0.00075	1714550400	RUNE	0.01	3	2024-04-19 10:25:56.108+00	2024-05-01 05:50:32.164+00
SUI_USDT	1.1304	1.129	-0.0014	-0.1238	0.0064	1	1	50	0.01	-0.000152	0.00075	1714550400	SUI	0.01	3	2024-04-19 10:25:56.108+00	2024-05-01 05:51:01.911+00
SAGA_USDT	\N	\N	\N	-1	0.005	1	1	50	0.01	-0.000152	0.00075	1714550400	SAGA	0.01	3	2024-04-19 10:25:56.108+00	2024-05-01 05:50:33.461+00
ORDI_USDT	32.71	32.688	-0.022	-0.0673	0.01	0.1	1	20	0.025	-0.000152	0.00075	1714550400	ORDI	0.001	3	2024-04-19 10:25:56.108+00	2024-05-01 05:57:42.381+00
LRC_USDT	0.2352	0.2348	-0.0004	-0.1701	0.01	1	1	50	0.01	-0.000152	0.00075	1714550400	LRC	0.01	3	2024-04-19 10:25:56.108+00	2024-05-01 05:57:22.37+00
OXT_USDT	0.09569	0.09562	-7e-05	-0.0732	0.01	10	1	20	0.025	-0.000152	0.00075	1714550400	OXT	0.01	3	2024-04-19 10:25:56.108+00	2024-05-01 05:57:43.023+00
SAND_USDT	0.4195	0.4192	-0.0003	-0.0715	0.01	1	1	75	0.0067	-0.000152	0.00075	1714550400	SAND	0.01	3	2024-04-19 10:25:56.108+00	2024-05-01 05:57:58.993+00
SSV_USDT	41.35	41.325	-0.025	-0.0605	0.01	0.1	1	20	0.025	-0.000152	0.00075	1714550400	SSV	0.01	3	2024-04-19 10:25:56.108+00	2024-05-01 05:58:02.331+00
STG_USDT	0.4946	0.4936	-0.001	-0.2022	0.01	1	1	20	0.025	-0.000152	0.00075	1714550400	STG	0.01	3	2024-04-19 10:25:56.108+00	2024-05-01 05:58:02.976+00
STORJ_USDT	0.4952	0.4946	-0.0006	-0.1212	0.01	1	1	20	0.025	-0.000152	0.00075	1714550400	STORJ	0.01	3	2024-04-19 10:25:56.108+00	2024-05-01 05:58:03.648+00
ORN_USDT	\N	\N	\N	-1	0.005	0.1	1	50	0.01	-0.000152	0.00075	1714550400	ORN	0.01	3	2024-04-19 10:25:56.108+00	2024-05-01 05:50:49.568+00
PNG_USDT	\N	\N	\N	-1	0.005	1	1	50	0.01	-0.000152	0.00075	1714550400	PNG	0.01	3	2024-04-19 10:25:56.108+00	2024-05-01 05:50:02.48+00
THETA_USDT	2.0024	2.0011	-0.0013	-0.0649	0.01	1	1	50	0.01	-0.000152	0.00075	1714550400	THETA	0.001	3	2024-04-19 10:25:56.108+00	2024-05-01 05:58:05.72+00
VRTX_USDT	0.1626	0.1552	-0.0074	-4.551	0.01	10	1	3	0.1667	-0.000152	0.00075	1714550400	VRTX	0.01	3	2024-04-19 10:25:56.108+00	2024-05-01 05:58:20.671+00
STMX_USDT	\N	\N	\N	-1	0.005	100	1	20	0.025	-0.000152	0.00075	1714550400	STMX	0.1	3	2024-04-19 10:25:56.108+00	2024-05-01 05:50:06.952+00
STEEM_USDT	\N	\N	\N	-1	-0.2905	10	1	50	0.01	-0.000152	0.00075	1714550400	STEEM	0.01	3	2024-04-19 10:25:56.108+00	2024-05-01 05:50:50.743+00
STARHEROES_USDT	\N	\N	\N	-1	0.005	10	1	50	0.01	-0.000152	0.00075	1714550400	STARHEROES	0.01	3	2024-04-19 10:25:56.108+00	2024-05-01 05:50:51.03+00
SPELL_USDT	0.0008082	0.0008058	-2.4e-06	-0.297	0.01	1000	1	20	0.025	-0.000152	0.00075	1714550400	SPELL	1	3	2024-04-19 10:25:56.108+00	2024-05-01 05:58:49.962+00
TAO_USDT	\N	\N	\N	-1	0.005	0.01	1	50	0.01	-0.000152	0.00075	1714550400	TAO	0.0001	3	2024-04-19 10:25:56.108+00	2024-05-01 05:50:55.36+00
STARL_USDT	2.24e-06	2.237e-06	-3e-09	-0.1339	0.01	100000	1	20	0.025	-0.000152	0.00075	1714550400	STARL	1	3	2024-04-19 10:25:56.108+00	2024-05-01 05:58:50.621+00
VRA_USDT	0.005301	0.005294	-7e-06	-0.1321	0.01	10	1	20	0.025	-0.000152	0.00075	1714550400	VRA	0.1	3	2024-04-19 10:25:56.108+00	2024-05-01 05:58:57.966+00
STPT_USDT	\N	\N	\N	-1	0.005	10	1	50	0.01	-0.000152	0.00075	1714550400	STPT	0.01	3	2024-04-19 10:25:56.108+00	2024-05-01 05:51:00.181+00
PHA_USDT	\N	\N	\N	-1	0.005	1	1	50	0.01	-0.000152	0.00075	1714550400	PHA	0.01	3	2024-04-19 10:25:56.108+00	2024-05-01 05:50:09.904+00
TIA_USDT	9.359	9.348	-0.011	-0.1175	0.0045	1	1	50	0.01	-0.000152	0.00075	1714550400	TIA	0.01	3	2024-04-19 10:25:56.108+00	2024-05-01 05:50:10.336+00
PERP_USDT	\N	\N	\N	-1	0.005	0.1	1	50	0.01	-0.000152	0.00075	1714550400	PERP	0.01	3	2024-04-19 10:25:56.108+00	2024-05-01 05:50:11.346+00
PEPE_USDT	6.6645e-06	6.656e-06	-8.5e-09	-0.1275	0.0052	10000000	1	50	0.01	-0.000152	0.00075	1714550400	PEPE	1	3	2024-04-19 10:25:56.108+00	2024-05-01 05:50:25.574+00
VTHO_USDT	\N	\N	\N	-1	0.005	100	1	50	0.01	-0.000152	0.00075	1714550400	VTHO	1	3	2024-04-19 10:25:56.108+00	2024-05-01 05:50:28.628+00
LSK_USDT	1.6565	1.6687	0.0122	0.7365	0.005	1	1	50	0.01	-0.000152	0.00075	1714550400	LSK	0.001	3	2024-04-19 10:25:56.108+00	2024-05-01 05:50:31.26+00
PATEX_USDT	\N	\N	\N	-1	0.005	1	1	50	0.01	-0.000152	0.00075	1714550400	PATEX	0.01	3	2024-04-19 10:25:56.108+00	2024-05-01 05:50:35.769+00
RADAR_USDT	\N	\N	\N	-1	0.005	100	1	50	0.01	-0.000152	0.00075	1714550400	RADAR	0.1	3	2024-04-19 10:25:56.108+00	2024-05-01 05:50:35.913+00
PEPE2_USDT	4.092e-08	4.074e-08	-1.8e-10	-0.4399	0.01	10000000	1	10	0.05	-0.000152	0.00075	1714550400	PEPE2	1	3	2024-04-19 10:25:56.108+00	2024-05-01 05:57:44.348+00
ASTR_USDT	0.09254	0.09238	-0.00016	-0.1729	-0.0208	10	1	20	0.025	-0.000152	0.00075	1714550400	ASTR	0.01	3	2024-04-19 10:25:56.108+00	2024-05-01 05:50:37.067+00
SCA_USDT	\N	\N	\N	-1	0.005	1	1	50	0.01	-0.000152	0.00075	1714550400	SCA	0.01	3	2024-04-19 10:25:56.108+00	2024-05-01 05:50:38.076+00
SPA_USDT	\N	\N	\N	-1	0.005	10	1	50	0.01	-0.000152	0.00075	1714550400	SPA	0.1	3	2024-04-19 10:25:56.108+00	2024-05-01 05:50:39.263+00
SOL_USDT	126.73	126.656	-0.074	-0.0584	0.006	1	1	50	0.01	-0.000152	0.00075	1714550400	SOL	0.001	3	2024-04-19 10:25:56.108+00	2024-05-01 05:50:41.321+00
SEAM_USDT	\N	\N	\N	-1	0.005	1	1	50	0.01	-0.000152	0.00075	1714550400	SEAM	0.01	3	2024-04-19 10:25:56.108+00	2024-05-01 05:50:46.36+00
WIF_USDT	\N	\N	\N	-1	0.005	1	1	50	0.01	-0.000152	0.00075	1714550400	WIF	0.01	3	2024-04-19 10:25:56.108+00	2024-05-01 05:50:52.187+00
W_USDT	\N	\N	\N	-1	0.005	1	1	50	0.01	-0.000152	0.00075	1714550400	W	0.01	3	2024-04-19 10:25:56.108+00	2024-05-01 05:50:52.475+00
SIDUS_USDT	\N	\N	\N	-1	0.005	100	1	50	0.01	-0.000152	0.00075	1714550400	SIDUS	0.1	3	2024-04-19 10:25:56.108+00	2024-05-01 05:50:56.679+00
SNAP_USDT	7.29e-06	7.31e-06	2e-08	0.2743	0.005	10000	1	50	0.01	-0.000152	0.00075	1714550400	SNAP	1	3	2024-04-19 10:25:56.108+00	2024-05-01 05:50:05.943+00
SATS_USDT	2.482e-07	2.4827e-07	7e-11	0.0282	0.01	10000000	1	50	0.01	-0.000152	0.00075	1714550400	SATS	1	3	2024-04-19 10:25:56.108+00	2024-05-01 05:57:59.66+00
SC_USDT	0.006863	0.006853	-1e-05	-0.1457	0.01	100	1	20	0.025	-0.000152	0.00075	1714550400	SC	0.1	3	2024-04-19 10:25:56.108+00	2024-05-01 05:58:00.331+00
MUBI_USDT	0.108239	0.10831	7.1e-05	0.0656	0.01	10	1	10	0.05	-0.000152	0.00075	1714550400	MUBI	0.1	3	2024-04-19 10:25:56.108+00	2024-05-01 05:57:33.671+00
SFP_USDT	0.8179	0.8137	-0.0042	-0.5135	0.01	1	1	50	0.01	-0.000152	0.00075	1714550400	SFP	0.01	3	2024-04-19 10:25:56.108+00	2024-05-01 05:58:01.002+00
SHIB_USDT	2.2095e-05	2.2081e-05	-1.4e-08	-0.0634	0.01	10000	1	50	0.01	-0.000152	0.00075	1714550400	SHIB	1	3	2024-04-19 10:25:56.108+00	2024-05-01 05:58:01.683+00
WEMIX_USDT	1.5207	1.509	-0.0117	-0.7694	0.01	1	1	5	0.1	-0.000152	0.00075	1714550400	WEMIX	0.01	3	2024-04-19 10:25:56.108+00	2024-05-01 05:58:21.46+00
WIN_USDT	0.00011717	0.0001162	-9.7e-07	-0.8279	0.01	10000	1	5	0.1	-0.000152	0.00075	1714550400	WIN	1	3	2024-04-19 10:25:56.108+00	2024-05-01 05:58:22.194+00
WOJAK_USDT	0.00036891	0.0003672	-1.71e-06	-0.4635	0.01	1000	1	5	0.1	-0.000152	0.00075	1714550400	WOJAK	1	3	2024-04-19 10:25:56.108+00	2024-05-01 05:58:23.532+00
WOO_USDT	0.2824	0.2816	-0.0008	-0.2833	0.01	1	1	50	0.01	-0.000152	0.00075	1714550400	WOO	0.01	3	2024-04-19 10:25:56.108+00	2024-05-01 05:58:24.176+00
SKL_USDT	0.0773	0.07712	-0.00018	-0.2329	0.01	10	1	20	0.025	-0.000152	0.00075	1714550400	SKL	0.01	3	2024-04-19 10:25:56.108+00	2024-05-01 05:58:47.805+00
SLP_USDT	0.003702	0.003693	-9e-06	-0.2431	0.01	1	1	20	0.025	-0.000152	0.00075	1714550400	SLP	0.1	3	2024-04-19 10:25:56.108+00	2024-05-01 05:58:48.64+00
SLERF_USDT	\N	\N	\N	-1	0.005	1	1	50	0.01	-0.000152	0.00075	1714550400	SLERF	0.01	3	2024-04-19 10:25:56.108+00	2024-05-01 05:50:13.662+00
SEI_USDT	0.63526	0.63466	-0.0006	-0.0944	-0.012	10	1	50	0.01	-0.000152	0.00075	1714550400	SEI	0.01	3	2024-04-19 10:25:56.108+00	2024-05-01 05:50:14.982+00
SLN_USDT	\N	\N	\N	-1	0.005	0.1	1	50	0.01	-0.000152	0.00075	1714550400	SLN	0.01	3	2024-04-19 10:25:56.108+00	2024-05-01 05:50:23.115+00
PEOPLE_USDT	0.022768	0.02269	-7.8e-05	-0.3426	-0.0006	10	1	50	0.01	-0.000152	0.00075	1714550400	PEOPLE	0.1	3	2024-04-19 10:25:56.108+00	2024-05-01 05:50:23.26+00
WAXP_USDT	\N	\N	\N	-1	0.005	1	1	50	0.01	-0.000152	0.00075	1714550400	WAXP	0.01	3	2024-04-19 10:25:56.108+00	2024-05-01 05:50:23.692+00
UNI_USDT	7.625	7.618	-0.007	-0.0918	0.0007	1	1	20	0.025	-0.000152	0.00075	1714550400	UNI	0.01	3	2024-04-19 10:25:56.108+00	2024-05-01 05:50:38.22+00
TOMI_USDT	0.459	0.459	0	0	0.01	1	1	20	0.025	-0.000152	0.00075	1714550400	TOMI	0.01	3	2024-04-19 10:25:56.108+00	2024-05-01 05:58:06.373+00
TRU_USDT	0.0999	0.09977	-0.00013	-0.1301	0.01	10	1	20	0.025	-0.000152	0.00075	1714550400	TRU	0.01	3	2024-04-19 10:25:56.108+00	2024-05-01 05:58:07.02+00
TRX_USDT	0.12022	0.12016	-6e-05	-0.0499	0.01	100	1	20	0.025	-0.000152	0.00075	1714550400	TRX	0.01	3	2024-04-19 10:25:56.108+00	2024-05-01 05:58:07.661+00
TON_USDT	5.025	5.023	-0.002	-0.0398	0.01	0.1	1	20	0.025	-0.000152	0.00075	1714550400	TON	0.01	3	2024-04-19 10:25:56.108+00	2024-05-01 05:58:54.618+00
T_USDT	\N	\N	\N	-1	0.005	100	1	50	0.01	-0.000152	0.00075	1714550400	T	0.01	3	2024-04-19 10:25:56.108+00	2024-05-01 05:50:43.193+00
TURBO_USDT	0.00052926	0.000529	-2.6e-07	-0.0491	0.01	1000	1	50	0.01	-0.000152	0.00075	1714550400	TURBO	1	3	2024-04-19 10:25:56.108+00	2024-05-01 05:58:55.308+00
TWT_USDT	\N	\N	\N	-1	0.005	1	1	50	0.01	-0.000152	0.00075	1714550400	TWT	0.01	3	2024-04-19 10:25:56.108+00	2024-05-01 05:50:52.619+00
FTT_USDT	1.327	1.325	-0.002	-0.1507	0.01	0.01	1	20	0.025	-0.000152	0.00075	1714550400	FTT	0.01	3	2024-04-19 10:25:56.108+00	2024-05-01 05:56:55.317+00
VENOM_USDT	\N	\N	\N	-1	0.005	10	1	50	0.01	-0.000152	0.00075	1714550400	VENOM	0.01	3	2024-04-19 10:25:56.108+00	2024-05-01 05:50:05.51+00
VELO_USDT	0.018133	0.018124	-9e-06	-0.0496	0.01	100	1	20	0.025	-0.000152	0.00075	1714550400	VELO	0.1	3	2024-04-19 10:25:56.108+00	2024-05-01 05:58:55.972+00
SOLS_USDT	0.4309	0.432	0.0011	0.2553	0.0777	1	1	10	0.05	-0.000152	0.00075	1714550400	SOLS	0.01	3	2024-04-19 10:25:56.108+00	2024-05-01 05:59:18.706+00
UMA_USDT	\N	\N	\N	-1	0.005	1	1	50	0.01	-0.000152	0.00075	1714550400	UMA	0.01	3	2024-04-19 10:25:56.108+00	2024-05-01 05:50:53.489+00
USDC_USDT	1.0003	0.9995	-0.0008	-0.08	-0.0075	1	1	50	0.01	-0.000152	0.00075	1714550400	USDC	1	3	2024-04-19 10:25:56.108+00	2024-05-01 05:50:12.353+00
TRB_USDT	59.86	59.841	-0.019	-0.0317	0.005	0.1	1	20	0.025	-0.000152	0.00075	1714550400	TRB	0.0001	3	2024-04-19 10:25:56.108+00	2024-05-01 05:50:12.497+00
USTC_USDT	\N	\N	\N	-1	0.005	100	1	50	0.01	-0.000152	0.00075	1714550400	USTC	0.1	3	2024-04-19 10:25:56.108+00	2024-05-01 05:50:58.592+00
TNSR_USDT	\N	\N	\N	-1	0.005	1	1	50	0.01	-0.000152	0.00075	1714550400	TNSR	0.01	3	2024-04-19 10:25:56.108+00	2024-05-01 05:51:00.76+00
TOKEN_USDT	0.12294	0.12281	-0.00013	-0.1057	0.005	100	1	50	0.01	-0.000152	0.00075	1714550400	TOKEN	0.01	3	2024-04-19 10:25:56.108+00	2024-05-01 05:50:18.183+00
UNFI_USDT	\N	\N	\N	-1	0.005	0.1	1	20	0.025	-0.000152	0.00075	1714550400	UNFI	0.01	3	2024-04-19 10:25:56.108+00	2024-05-01 05:50:19.478+00
VANRY_USDT	\N	\N	\N	-1	0.005	10	1	50	0.01	-0.000152	0.00075	1714550400	VANRY	0.01	3	2024-04-19 10:25:56.108+00	2024-05-01 05:50:21.349+00
VELODROME_USDT	\N	\N	\N	-1	0.005	10	1	50	0.01	-0.000152	0.00075	1714550400	VELODROME	0.01	3	2024-04-19 10:25:56.108+00	2024-05-01 05:50:23.404+00
XRP_USDT	0.50289	0.5025	-0.00039	-0.0776	0.0022	10	1	50	0.01	-0.000152	0.00075	1714550400	XRP	0.001	3	2024-04-19 10:25:56.108+00	2024-05-01 05:50:28.917+00
ONE_USDT	0.017856	0.01778	-7.6e-05	-0.4256	0.01	10	1	20	0.025	-0.000152	0.00075	1714550400	ONE	0.1	3	2024-04-19 10:25:56.108+00	2024-05-01 05:57:41.079+00
PENDLE_USDT	4.1536	4.1514	-0.0022	-0.053	0.01	1	1	20	0.025	-0.000152	0.00075	1714550400	PENDLE	0.01	3	2024-04-19 10:25:56.108+00	2024-05-01 05:57:43.679+00
PROM_USDT	8.342	8.315	-0.027	-0.3237	0.01	0.1	1	20	0.025	-0.000152	0.00075	1714550400	PROM	0.01	3	2024-04-19 10:25:56.108+00	2024-05-01 05:57:46.385+00
BEL_USDT	0.7583	0.7571	-0.0012	-0.1582	0.01	1	1	20	0.025	-0.000152	0.00075	1714550400	BEL	0.01	3	2024-04-19 10:25:56.108+00	2024-05-01 05:58:09.608+00
ZTX_USDT	0.012314	0.01013	-0.002184	-17.7359	-0.3613	100	1	10	0.05	-0.000152	0.00075	1714550400	ZTX	0.1	3	2024-04-19 10:25:56.108+00	2024-05-01 05:50:06.808+00
XCH_USDT	30.5	30.56	0.06	0.1967	0.01	0.001	1	50	0.01	-0.000152	0.00075	1714550400	XCH	0.0001	3	2024-04-19 10:25:56.108+00	2024-05-01 05:58:24.825+00
XCN_USDT	0.0019707	0.001961	-9.7e-06	-0.4922	0.01	10	1	20	0.025	-0.000152	0.00075	1714550400	XCN	1	3	2024-04-19 10:25:56.108+00	2024-05-01 05:58:25.47+00
AXS_USDT	7.277	7.269	-0.008	-0.1099	-0.014	0.1	1	50	0.01	-0.000152	0.00075	1714550400	AXS	0.01	3	2024-04-19 10:25:56.108+00	2024-05-01 05:50:41.465+00
XEC_USDT	4.524e-05	4.513e-05	-1.1e-07	-0.2431	0.01	10000	1	20	0.025	-0.000152	0.00075	1714550400	XEC	1	3	2024-04-19 10:25:56.108+00	2024-05-01 05:58:26.111+00
XEM_USDT	0.03544	0.03526	-0.00018	-0.5079	0.01	1	1	20	0.025	-0.000152	0.00075	1714550400	XEM	0.01	3	2024-04-19 10:25:56.108+00	2024-05-01 05:58:26.773+00
XLM_USDT	0.10769	0.10757	-0.00012	-0.1114	0.01	10	1	20	0.025	-0.000152	0.00075	1714550400	XLM	0.01	3	2024-04-19 10:25:56.108+00	2024-05-01 05:58:27.43+00
XMR_USDT	121.25	121.12	-0.13	-0.1072	0.01	0.01	1	20	0.025	-0.000152	0.00075	1714550400	XMR	0.0001	3	2024-04-19 10:25:56.108+00	2024-05-01 05:58:28.07+00
XTZ_USDT	0.9152	0.912	-0.0032	-0.3497	0.01	1	1	20	0.025	-0.000152	0.00075	1714550400	XTZ	0.001	3	2024-04-19 10:25:56.108+00	2024-05-01 05:58:29.368+00
SNX_USDT	2.601	2.597	-0.004	-0.1538	0.01	0.1	1	50	0.01	-0.000152	0.00075	1714550400	SNX	0.01	3	2024-04-19 10:25:56.108+00	2024-05-01 05:58:49.282+00
SUN_USDT	0.014219	0.014178	-4.1e-05	-0.2883	0.01	0.1	1	20	0.025	-0.000152	0.00075	1714550400	SUN	0.1	3	2024-04-19 10:25:56.108+00	2024-05-01 05:58:52.02+00
SYN_USDT	0.8618	0.8543	-0.0075	-0.8703	0.01	1	1	10	0.05	-0.000152	0.00075	1714550400	SYN	0.01	3	2024-04-19 10:25:56.108+00	2024-05-01 05:58:53.308+00
FRONT_USDT	0.8448	0.8427	-0.0021	-0.2486	0.01	1	1	20	0.025	-0.000152	0.00075	1714550400	FRONT	0.01	3	2024-04-19 10:25:56.108+00	2024-05-01 05:56:53.98+00
CHR_USDT	0.2575	0.2571	-0.0004	-0.1553	0.01	10	1	20	0.025	-0.000152	0.00075	1714550400	CHR	0.01	3	2024-04-19 10:25:56.108+00	2024-05-01 05:59:03.343+00
ZRX_USDT	0.4542	0.4538	-0.0004	-0.0881	0.01	1	1	50	0.01	-0.000152	0.00075	1714550400	ZRX	0.01	3	2024-04-19 10:25:56.108+00	2024-05-01 05:59:04.034+00
HBAR_USDT	0.09501	0.09495	-6e-05	-0.0632	0.01	10	1	20	0.025	-0.000152	0.00075	1714550400	HBAR	0.01	3	2024-04-19 10:25:56.108+00	2024-05-01 05:57:03.361+00
COMP_USDT	53.67	53.6	-0.07	-0.1304	0.01	0.01	1	20	0.025	-0.000152	0.00075	1714550400	COMP	0.001	3	2024-04-19 10:25:56.108+00	2024-05-01 05:59:06.035+00
KEY_USDT	0.006393	0.006386	-7e-06	-0.1095	0.01	100	1	20	0.025	-0.000152	0.00075	1714550400	KEY	0.1	3	2024-04-19 10:25:56.108+00	2024-05-01 05:57:15.2+00
XEN_USDT	3.383e-07	3.38e-07	-3e-10	-0.0887	0.0937	1000000	1	5	0.1	-0.000152	0.00075	1714550400	XEN	1	3	2024-04-19 10:25:56.108+00	2024-05-01 05:59:18.048+00
MATIC_USDT	0.6713	0.671	-0.0003	-0.0447	0.01	10	1	50	0.01	-0.000152	0.00075	1714550400	MATIC	0.01	3	2024-04-19 10:25:56.108+00	2024-05-01 05:57:25.684+00
NKN_USDT	0.10877	0.1103	0.00153	1.4066	0.01	1	1	20	0.025	-0.000152	0.00075	1714550400	NKN	0.01	3	2024-04-19 10:25:56.108+00	2024-05-01 05:57:35.67+00
ZK_USDT	\N	\N	\N	-1	0.005	0.1	1	50	0.01	-0.000152	0.00075	1714550400	ZK	0.01	3	2024-04-19 10:25:56.108+00	2024-05-01 05:50:21.494+00
\.


--
-- Data for Name: UserPDFs; Type: TABLE DATA; Schema: public; Owner: postgres
--

COPY public."UserPDFs" (id, user_id, pdf_path, "prev_X_coordinate", "prev_Y_coordinate", pages, count, "createdAt", "updatedAt") FROM stdin;
\.


--
-- Data for Name: users; Type: TABLE DATA; Schema: public; Owner: postgres
--

COPY public.users (username, password, email, account_no, api_key, api_secret, wallet, investment, begin_date, "Net_client_share_in_percent", usertype, "Admin_id", fee, profit_now, user_roles, "createdAt", "updatedAt", id, "userId") FROM stdin;
freqtrader	123456	samnmbuguah@gmail.com	6	\N	\N	0	\N	\N	\N	1	\N	\N	\N	super_admin	2024-04-23 15:04:16.081+00	2024-04-28 19:23:43.938+00	10	\N
Werner Mller (Admin)	123456	admin@dualnet.ch	1	57ab5e54bc8650d8b18e1f8f556781b9	ef3e1f861c1d88938dea49e6d6c57a03695aab1ae3cf0fcf66e59cc1e8b9e108	0	710	2024-03-27	100	1	\N	\N	\N	super_admin	2024-04-10 08:53:21.721+00	2024-04-23 14:38:06.694+00	1	\N
Billy Mller	123123	bm2@dualnet.ch	2			0	128	2023-08-29	100	1		0.00	7223.00	super_admin	2023-08-08 01:58:37+00	2024-04-23 14:38:22.119+00	5	\N
Don (Tester asia)	123123	Don@gmail.com	4			0	1200	\N	\N	1	\N	\N	\N	super_admin	2024-03-29 10:43:20.767+00	2024-04-23 14:38:35.104+00	4	\N
trial (Tester samuel)	123456	admin@trial.com	5	f4e0075868bdcae813914ddc1bc6c941	b525d9e44649f6ff1df235f775cfcb44bc2ec15cda3b12eae86efb2294015c8c	0	1100	\N	\N	1	\N	\N	\N	super_admin	2024-03-28 11:35:48.235+00	2024-04-23 14:39:10.697+00	3	\N
\.


--
-- Name: Bots_botId_seq; Type: SEQUENCE SET; Schema: public; Owner: postgres
--

SELECT pg_catalog.setval('public."Bots_botId_seq"', 106, true);


--
-- Name: UserPDFs_id_seq; Type: SEQUENCE SET; Schema: public; Owner: postgres
--

SELECT pg_catalog.setval('public."UserPDFs_id_seq"', 1, false);


--
-- Name: users_id_seq; Type: SEQUENCE SET; Schema: public; Owner: postgres
--

SELECT pg_catalog.setval('public.users_id_seq', 10, true);


--
-- Name: Bots Bots_pkey; Type: CONSTRAINT; Schema: public; Owner: postgres
--

ALTER TABLE ONLY public."Bots"
    ADD CONSTRAINT "Bots_pkey" PRIMARY KEY ("botId");


--
-- Name: MatchingPairs MatchingPairs_name_key; Type: CONSTRAINT; Schema: public; Owner: postgres
--

ALTER TABLE ONLY public."MatchingPairs"
    ADD CONSTRAINT "MatchingPairs_name_key" UNIQUE (name);


--
-- Name: MatchingPairs MatchingPairs_name_key1; Type: CONSTRAINT; Schema: public; Owner: postgres
--

ALTER TABLE ONLY public."MatchingPairs"
    ADD CONSTRAINT "MatchingPairs_name_key1" UNIQUE (name);


--
-- Name: MatchingPairs MatchingPairs_name_key10; Type: CONSTRAINT; Schema: public; Owner: postgres
--

ALTER TABLE ONLY public."MatchingPairs"
    ADD CONSTRAINT "MatchingPairs_name_key10" UNIQUE (name);


--
-- Name: MatchingPairs MatchingPairs_name_key2; Type: CONSTRAINT; Schema: public; Owner: postgres
--

ALTER TABLE ONLY public."MatchingPairs"
    ADD CONSTRAINT "MatchingPairs_name_key2" UNIQUE (name);


--
-- Name: MatchingPairs MatchingPairs_name_key3; Type: CONSTRAINT; Schema: public; Owner: postgres
--

ALTER TABLE ONLY public."MatchingPairs"
    ADD CONSTRAINT "MatchingPairs_name_key3" UNIQUE (name);


--
-- Name: MatchingPairs MatchingPairs_name_key4; Type: CONSTRAINT; Schema: public; Owner: postgres
--

ALTER TABLE ONLY public."MatchingPairs"
    ADD CONSTRAINT "MatchingPairs_name_key4" UNIQUE (name);


--
-- Name: MatchingPairs MatchingPairs_name_key5; Type: CONSTRAINT; Schema: public; Owner: postgres
--

ALTER TABLE ONLY public."MatchingPairs"
    ADD CONSTRAINT "MatchingPairs_name_key5" UNIQUE (name);


--
-- Name: MatchingPairs MatchingPairs_name_key6; Type: CONSTRAINT; Schema: public; Owner: postgres
--

ALTER TABLE ONLY public."MatchingPairs"
    ADD CONSTRAINT "MatchingPairs_name_key6" UNIQUE (name);


--
-- Name: MatchingPairs MatchingPairs_name_key7; Type: CONSTRAINT; Schema: public; Owner: postgres
--

ALTER TABLE ONLY public."MatchingPairs"
    ADD CONSTRAINT "MatchingPairs_name_key7" UNIQUE (name);


--
-- Name: MatchingPairs MatchingPairs_name_key8; Type: CONSTRAINT; Schema: public; Owner: postgres
--

ALTER TABLE ONLY public."MatchingPairs"
    ADD CONSTRAINT "MatchingPairs_name_key8" UNIQUE (name);


--
-- Name: MatchingPairs MatchingPairs_name_key9; Type: CONSTRAINT; Schema: public; Owner: postgres
--

ALTER TABLE ONLY public."MatchingPairs"
    ADD CONSTRAINT "MatchingPairs_name_key9" UNIQUE (name);


--
-- Name: MatchingPairs MatchingPairs_pkey; Type: CONSTRAINT; Schema: public; Owner: postgres
--

ALTER TABLE ONLY public."MatchingPairs"
    ADD CONSTRAINT "MatchingPairs_pkey" PRIMARY KEY (id);


--
-- Name: Scans Scans_pkey; Type: CONSTRAINT; Schema: public; Owner: postgres
--

ALTER TABLE ONLY public."Scans"
    ADD CONSTRAINT "Scans_pkey" PRIMARY KEY ("matchingPairId");


--
-- Name: UserPDFs UserPDFs_pkey; Type: CONSTRAINT; Schema: public; Owner: postgres
--

ALTER TABLE ONLY public."UserPDFs"
    ADD CONSTRAINT "UserPDFs_pkey" PRIMARY KEY (id);


--
-- PostgreSQL database dump complete
--

